method,split,family,density,outcome,manifest_episode_count,valid_episode_count,excluded_episode_count,scenario_count,seed_count,outcome_count,outcome_rate,rate_denominator,episode_duration_s_mean,navigation_time_s_mean,spl_mean,path_length_m_mean,min_human_distance_m_mean,personal_space_violation_ratio_mean,discomfort_time_s_mean,emergency_stop_count_mean,recovery_trigger_count_mean,recovery_success_rate_mean,recovery_duration_s_mean,intervention_ratio_mean,mean_abs_angular_jerk_rad_s3_mean
base,test,blind_corner,high,GOAL_REACHED,5,5,0,5,5,1,0.2,valid_episodes,89.0775,89.0775,0.9565143532846644,20.836429643814526,0.7455307719588731,0.11252336448598121,5.794200000000004,0.0,0.0,,0.0,0.07514018691588814,0.8370118237285123
base,test,blind_corner,high,COLLISION,5,5,0,5,5,4,0.8,valid_episodes,60.88905,60.88905,0.0,14.596693193747372,0.7170883509563457,0.14299484387398007,4.920074999999997,0.0,0.0,,0.0,0.03286336681505864,0.9361154161784622
base,test,blind_corner,high,TIMEOUT,5,5,0,5,5,0,0.0,valid_episodes,,,,,,,,,,,,,
base,test,blind_corner,high,PLANNER_FAILURE,5,5,0,5,5,0,0.0,valid_episodes,,,,,,,,,,,,,
base,test,blind_corner,high,SIMULATOR_FAILURE,5,5,0,5,5,0,0.0,manifest_episodes,,,,,,,,,,,,,
base,test,blind_corner,high,INVALID_RESET,5,5,0,5,5,0,0.0,manifest_episodes,,,,,,,,,,,,,
base,test,blind_corner,low,GOAL_REACHED,5,5,0,5,5,3,0.6,valid_episodes,88.65569999999998,88.65569999999998,0.9581297662743852,20.801474545733143,1.3150020881392377,0.0,0.0,0.0,0.0,,0.0,0.05543712085694735,0.7887308178702125
base,test,blind_corner,low,COLLISION,5,5,0,5,5,2,0.4,valid_episodes,66.33359999999999,66.33359999999999,0.0,15.878336609292111,1.3302924909437128,0.0,0.0,0.0,0.0,,0.0,0.06184400995149315,0.8999103863689099
base,test,blind_corner,low,TIMEOUT,5,5,0,5,5,0,0.0,valid_episodes,,,,,,,,,,,,,
base,test,blind_corner,low,PLANNER_FAILURE,5,5,0,5,5,0,0.0,valid_episodes,,,,,,,,,,,,,
base,test,blind_corner,low,SIMULATOR_FAILURE,5,5,0,5,5,0,0.0,manifest_episodes,,,,,,,,,,,,,
base,test,blind_corner,low,INVALID_RESET,5,5,0,5,5,0,0.0,manifest_episodes,,,,,,,,,,,,,
base,test,blind_corner,medium,GOAL_REACHED,5,5,0,5,5,3,0.6,valid_episodes,88.9887,88.9887,0.9552229450606585,20.864635017972333,0.9365399450721168,0.07184931472373222,2.397599999999997,0.0,0.0,,0.0,0.025578160984165214,0.7617780347612193
base,test,blind_corner,medium,COLLISION,5,5,0,5,5,2,0.4,valid_episodes,66.36689999999999,66.36689999999999,0.0,15.854221576776133,2.3106599611131298,0.0468986384266264,1.1988000000000056,0.0,0.0,,0.0,0.023908287845589068,0.874276768112977
base,test,blind_corner,medium,TIMEOUT,5,5,0,5,5,0,0.0,valid_episodes,,,,,,,,,,,,,
base,test,blind_corner,medium,PLANNER_FAILURE,5,5,0,5,5,0,0.0,valid_episodes,,,,,,,,,,,,,
base,test,blind_corner,medium,SIMULATOR_FAILURE,5,5,0,5,5,0,0.0,manifest_episodes,,,,,,,,,,,,,
base,test,blind_corner,medium,INVALID_RESET,5,5,0,5,5,0,0.0,manifest_episodes,,,,,,,,,,,,,
base,test,crossing_flow,high,GOAL_REACHED,5,5,0,5,5,3,0.6,valid_episodes,92.0301,92.0301,0.9815484409290033,21.39763152893619,0.9456698101788388,0.05302078522243008,1.6428,0.0,0.0,,0.0,0.01529604635976888,0.4125794302971066
base,test,crossing_flow,high,COLLISION,5,5,0,5,5,2,0.4,valid_episodes,27.555749999999996,27.555749999999996,0.0,6.550340518181862,0.7059557900855016,0.0833698433283094,1.598399999999998,0.0,0.0,,0.0,0.025979782225182078,0.015670773637799663
base,test,crossing_flow,high,TIMEOUT,5,5,0,5,5,0,0.0,valid_episodes,,,,,,,,,,,,,
base,test,crossing_flow,high,PLANNER_FAILURE,5,5,0,5,5,0,0.0,valid_episodes,,,,,,,,,,,,,
base,test,crossing_flow,high,SIMULATOR_FAILURE,5,5,0,5,5,0,0.0,manifest_episodes,,,,,,,,,,,,,
base,test,crossing_flow,high,INVALID_RESET,5,5,0,5,5,0,0.0,manifest_episodes,,,,,,,,,,,,,
base,test,crossing_flow,low,GOAL_REACHED,5,5,0,5,5,4,0.8,valid_episodes,95.75415000000001,95.75415000000001,0.9450249932229133,22.376274902752144,0.8391441483601573,0.0783514965768127,4.245749999999999,0.0,0.0,,0.0,0.032052218758479266,0.1706823867870572
base,test,crossing_flow,low,COLLISION,5,5,0,5,5,1,0.2,valid_episodes,28.4382,28.4382,0.0,6.64205265045166,0.7099557247543156,0.0983606557377048,2.231099999999998,0.0,0.0,,0.0,0.0035128805620609485,3.7428810121482765e-08
base,test,crossing_flow,low,TIMEOUT,5,5,0,5,5,0,0.0,valid_episodes,,,,,,,,,,,,,
base,test,crossing_flow,low,PLANNER_FAILURE,5,5,0,5,5,0,0.0,valid_episodes,,,,,,,,,,,,,
base,test,crossing_flow,low,SIMULATOR_FAILURE,5,5,0,5,5,0,0.0,manifest_episodes,,,,,,,,,,,,,
base,test,crossing_flow,low,INVALID_RESET,5,5,0,5,5,0,0.0,manifest_episodes,,,,,,,,,,,,,
base,test,crossing_flow,medium,GOAL_REACHED,5,5,0,5,5,0,0.0,valid_episodes,,,,,,,,,,,,,
base,test,crossing_flow,medium,COLLISION,5,5,0,5,5,5,1.0,valid_episodes,26.346960000000003,26.346960000000003,0.0,6.235750335664024,0.6873294253422386,0.08296886320033856,1.2986999999999995,0.0,0.0,,0.0,0.03344434057801676,0.12845369054840883
base,test,crossing_flow,medium,TIMEOUT,5,5,0,5,5,0,0.0,valid_episodes,,,,,,,,,,,,,
base,test,crossing_flow,medium,PLANNER_FAILURE,5,5,0,5,5,0,0.0,valid_episodes,,,,,,,,,,,,,
base,test,crossing_flow,medium,SIMULATOR_FAILURE,5,5,0,5,5,0,0.0,manifest_episodes,,,,,,,,,,,,,
base,test,crossing_flow,medium,INVALID_RESET,5,5,0,5,5,0,0.0,manifest_episodes,,,,,,,,,,,,,
base,test,doorway_bottleneck,high,GOAL_REACHED,5,5,0,5,5,5,1.0,valid_episodes,72.21437999999999,72.21437999999999,1.0,16.845712852478027,0.8224341151656608,0.15039907692597396,8.24508,0.0,0.0,,0.0,0.016069223673372712,3.995274802530966e-08
base,test,doorway_bottleneck,high,COLLISION,5,5,0,5,5,0,0.0,valid_episodes,,,,,,,,,,,,,
base,test,doorway_bottleneck,high,TIMEOUT,5,5,0,5,5,0,0.0,valid_episodes,,,,,,,,,,,,,
base,test,doorway_bottleneck,high,PLANNER_FAILURE,5,5,0,5,5,0,0.0,valid_episodes,,,,,,,,,,,,,
base,test,doorway_bottleneck,high,SIMULATOR_FAILURE,5,5,0,5,5,0,0.0,manifest_episodes,,,,,,,,,,,,,
base,test,doorway_bottleneck,high,INVALID_RESET,5,5,0,5,5,0,0.0,manifest_episodes,,,,,,,,,,,,,
base,test,doorway_bottleneck,low,GOAL_REACHED,5,5,0,5,5,3,0.6,valid_episodes,72.22770000000001,72.22770000000001,1.0,16.89280621210734,0.7900624811671974,0.06967346407075851,3.596399999999998,0.0,0.0,,0.0,0.03267597439580048,4.437702781387116e-08
base,test,doorway_bottleneck,low,COLLISION,5,5,0,5,5,2,0.4,valid_episodes,19.763550000000002,19.763550000000002,0.0,4.722308155877252,0.7083679871982972,0.10534321195442031,1.6982999999999997,0.0,0.0,,0.0,0.0,0.0838155186414673
base,test,doorway_bottleneck,low,TIMEOUT,5,5,0,5,5,0,0.0,valid_episodes,,,,,,,,,,,,,
base,test,doorway_bottleneck,low,PLANNER_FAILURE,5,5,0,5,5,0,0.0,valid_episodes,,,,,,,,,,,,,
base,test,doorway_bottleneck,low,SIMULATOR_FAILURE,5,5,0,5,5,0,0.0,manifest_episodes,,,,,,,,,,,,,
base,test,doorway_bottleneck,low,INVALID_RESET,5,5,0,5,5,0,0.0,manifest_episodes,,,,,,,,,,,,,
base,test,doorway_bottleneck,medium,GOAL_REACHED,5,5,0,5,5,4,0.8,valid_episodes,73.21005,73.21005,0.9984386186279282,16.975289664123796,0.769738622303057,0.08198245034241741,4.81185,0.0,0.0,,0.0,0.04240832749862125,0.1836658404651695
base,test,doorway_bottleneck,medium,COLLISION,5,5,0,5,5,1,0.2,valid_episodes,20.412900000000004,20.412900000000004,0.0,4.791913073755279,0.6947089169665266,0.08482871125611745,1.531800000000004,0.0,0.0,,0.0,0.09787928221859693,4.195613510182129e-08
base,test,doorway_bottleneck,medium,TIMEOUT,5,5,0,5,5,0,0.0,valid_episodes,,,,,,,,,,,,,
base,test,doorway_bottleneck,medium,PLANNER_FAILURE,5,5,0,5,5,0,0.0,valid_episodes,,,,,,,,,,,,,
base,test,doorway_bottleneck,medium,SIMULATOR_FAILURE,5,5,0,5,5,0,0.0,manifest_episodes,,,,,,,,,,,,,
base,test,doorway_bottleneck,medium,INVALID_RESET,5,5,0,5,5,0,0.0,manifest_episodes,,,,,,,,,,,,,
base,test,group_blocking,high,GOAL_REACHED,5,5,0,5,5,5,1.0,valid_episodes,89.18405999999999,89.18405999999999,1.0,20.887324832100827,1.0300783254405566,0.06108182078211184,1.0855799999999989,0.0,0.0,,0.0,0.025845123874784177,4.184870416086782e-08
base,test,group_blocking,high,COLLISION,5,5,0,5,5,0,0.0,valid_episodes,,,,,,,,,,,,,
base,test,group_blocking,high,TIMEOUT,5,5,0,5,5,0,0.0,valid_episodes,,,,,,,,,,,,,
base,test,group_blocking,high,PLANNER_FAILURE,5,5,0,5,5,0,0.0,valid_episodes,,,,,,,,,,,,,
base,test,group_blocking,high,SIMULATOR_FAILURE,5,5,0,5,5,0,0.0,manifest_episodes,,,,,,,,,,,,,
base,test,group_blocking,high,INVALID_RESET,5,5,0,5,5,0,0.0,manifest_episodes,,,,,,,,,,,,,
base,test,group_blocking,low,GOAL_REACHED,5,5,0,5,5,5,1.0,valid_episodes,88.97094,88.97094,1.0,20.879802420651977,1.0300998844913452,0.05688616543698223,1.1188800000000014,0.0,0.0,,0.0,0.053224474076616735,0.00771774293409911
base,test,group_blocking,low,COLLISION,5,5,0,5,5,0,0.0,valid_episodes,,,,,,,,,,,,,
base,test,group_blocking,low,TIMEOUT,5,5,0,5,5,0,0.0,valid_episodes,,,,,,,,,,,,,
base,test,group_blocking,low,PLANNER_FAILURE,5,5,0,5,5,0,0.0,valid_episodes,,,,,,,,,,,,,
base,test,group_blocking,low,SIMULATOR_FAILURE,5,5,0,5,5,0,0.0,manifest_episodes,,,,,,,,,,,,,
base,test,group_blocking,low,INVALID_RESET,5,5,0,5,5,0,0.0,manifest_episodes,,,,,,,,,,,,,
base,test,group_blocking,medium,GOAL_REACHED,5,5,0,5,5,5,1.0,valid_episodes,89.05086,89.05086,1.0,20.908725008994406,1.0300504622310591,0.06281284235803865,1.1188800000000014,0.0,0.0,,0.0,0.03380416119945858,0.003534995508924847
base,test,group_blocking,medium,COLLISION,5,5,0,5,5,0,0.0,valid_episodes,,,,,,,,,,,,,
base,test,group_blocking,medium,TIMEOUT,5,5,0,5,5,0,0.0,valid_episodes,,,,,,,,,,,,,
base,test,group_blocking,medium,PLANNER_FAILURE,5,5,0,5,5,0,0.0,valid_episodes,,,,,,,,,,,,,
base,test,group_blocking,medium,SIMULATOR_FAILURE,5,5,0,5,5,0,0.0,manifest_episodes,,,,,,,,,,,,,
base,test,group_blocking,medium,INVALID_RESET,5,5,0,5,5,0,0.0,manifest_episodes,,,,,,,,,,,,,
base,test,head_on_corridor,high,GOAL_REACHED,5,5,0,5,5,3,0.6,valid_episodes,90.3873,90.3873,0.9994506141423894,20.96935433236529,0.7436791397542053,0.08891729228415955,6.948600000000002,0.0,0.0,,0.0,0.020841421207756176,0.1604853655796292
base,test,head_on_corridor,high,COLLISION,5,5,0,5,5,2,0.4,valid_episodes,21.4452,21.4452,0.0,5.009108066558838,0.7047894691682344,0.08321598427079743,1.3486499999999957,0.0,0.0,,0.0,0.07282123249123769,3.9229256440812267e-08
base,test,head_on_corridor,high,TIMEOUT,5,5,0,5,5,0,0.0,valid_episodes,,,,,,,,,,,,,
base,test,head_on_corridor,high,PLANNER_FAILURE,5,5,0,5,5,0,0.0,valid_episodes,,,,,,,,,,,,,
base,test,head_on_corridor,high,SIMULATOR_FAILURE,5,5,0,5,5,0,0.0,manifest_episodes,,,,,,,,,,,,,
base,test,head_on_corridor,high,INVALID_RESET,5,5,0,5,5,0,0.0,manifest_episodes,,,,,,,,,,,,,
base,test,head_on_corridor,low,GOAL_REACHED,5,5,0,5,5,3,0.6,valid_episodes,89.5104,89.5104,0.9982843478676346,20.9226129443539,0.7967931990158057,0.037931034032179206,2.4642000000000004,0.0,0.0,,0.0,0.05745717832883512,0.08880595063504736
base,test,head_on_corridor,low,COLLISION,5,5,0,5,5,2,0.4,valid_episodes,28.954349999999998,28.954349999999998,0.0,6.8427817821502686,0.707657931190282,0.061390965397987995,1.481849999999998,0.0,0.0,,0.0,0.0,3.7062151168936125e-08
base,test,head_on_corridor,low,TIMEOUT,5,5,0,5,5,0,0.0,valid_episodes,,,,,,,,,,,,,
base,test,head_on_corridor,low,PLANNER_FAILURE,5,5,0,5,5,0,0.0,valid_episodes,,,,,,,,,,,,,
base,test,head_on_corridor,low,SIMULATOR_FAILURE,5,5,0,5,5,0,0.0,manifest_episodes,,,,,,,,,,,,,
base,test,head_on_corridor,low,INVALID_RESET,5,5,0,5,5,0,0.0,manifest_episodes,,,,,,,,,,,,,
base,test,head_on_corridor,medium,GOAL_REACHED,5,5,0,5,5,5,1.0,valid_episodes,88.83774,88.83774,1.0,20.843401055545932,0.8227687986313151,0.0669493460732307,4.422239999999999,0.0,0.0,,0.0,0.030830859717641414,3.912940102245551e-08
base,test,head_on_corridor,medium,COLLISION,5,5,0,5,5,0,0.0,valid_episodes,,,,,,,,,,,,,
base,test,head_on_corridor,medium,TIMEOUT,5,5,0,5,5,0,0.0,valid_episodes,,,,,,,,,,,,,
base,test,head_on_corridor,medium,PLANNER_FAILURE,5,5,0,5,5,0,0.0,valid_episodes,,,,,,,,,,,,,
base,test,head_on_corridor,medium,SIMULATOR_FAILURE,5,5,0,5,5,0,0.0,manifest_episodes,,,,,,,,,,,,,
base,test,head_on_corridor,medium,INVALID_RESET,5,5,0,5,5,0,0.0,manifest_episodes,,,,,,,,,,,,,
base,test,opposite_streams,high,GOAL_REACHED,5,5,0,5,5,5,1.0,valid_episodes,89.2107,89.2107,1.0,20.862277857557366,0.8883595194201275,0.09248021846752112,3.0902400000000023,0.0,0.0,,0.0,0.011426104567579077,0.007712687090727054
base,test,opposite_streams,high,COLLISION,5,5,0,5,5,0,0.0,valid_episodes,,,,,,,,,,,,,
base,test,opposite_streams,high,TIMEOUT,5,5,0,5,5,0,0.0,valid_episodes,,,,,,,,,,,,,
base,test,opposite_streams,high,PLANNER_FAILURE,5,5,0,5,5,0,0.0,valid_episodes,,,,,,,,,,,,,
base,test,opposite_streams,high,SIMULATOR_FAILURE,5,5,0,5,5,0,0.0,manifest_episodes,,,,,,,,,,,,,
base,test,opposite_streams,high,INVALID_RESET,5,5,0,5,5,0,0.0,manifest_episodes,,,,,,,,,,,,,
base,test,opposite_streams,low,GOAL_REACHED,5,5,0,5,5,5,1.0,valid_episodes,89.13078,89.13078,1.0,20.863160091253707,0.9604697045728343,0.026589975837530193,0.9124199999999988,0.0,0.0,,0.0,0.03220700143460963,3.5711037877938145e-08
base,test,opposite_streams,low,COLLISION,5,5,0,5,5,0,0.0,valid_episodes,,,,,,,,,,,,,
base,test,opposite_streams,low,TIMEOUT,5,5,0,5,5,0,0.0,valid_episodes,,,,,,,,,,,,,
base,test,opposite_streams,low,PLANNER_FAILURE,5,5,0,5,5,0,0.0,valid_episodes,,,,,,,,,,,,,
base,test,opposite_streams,low,SIMULATOR_FAILURE,5,5,0,5,5,0,0.0,manifest_episodes,,,,,,,,,,,,,
base,test,opposite_streams,low,INVALID_RESET,5,5,0,5,5,0,0.0,manifest_episodes,,,,,,,,,,,,,
base,test,opposite_streams,medium,GOAL_REACHED,5,5,0,5,5,5,1.0,valid_episodes,89.1774,89.1774,1.0,20.848230737094678,0.8883454602731131,0.08072893095691014,3.1435199999999996,0.0,0.0,,0.0,0.02973731416699522,3.7509921248503566e-08
base,test,opposite_streams,medium,COLLISION,5,5,0,5,5,0,0.0,valid_episodes,,,,,,,,,,,,,
base,test,opposite_streams,medium,TIMEOUT,5,5,0,5,5,0,0.0,valid_episodes,,,,,,,,,,,,,
base,test,opposite_streams,medium,PLANNER_FAILURE,5,5,0,5,5,0,0.0,valid_episodes,,,,,,,,,,,,,
base,test,opposite_streams,medium,SIMULATOR_FAILURE,5,5,0,5,5,0,0.0,manifest_episodes,,,,,,,,,,,,,
base,test,opposite_streams,medium,INVALID_RESET,5,5,0,5,5,0,0.0,manifest_episodes,,,,,,,,,,,,,
base,test,overtaking,high,GOAL_REACHED,5,5,0,5,5,5,1.0,valid_episodes,88.78446,88.78446,1.0,20.859970202257873,0.8880375221193099,0.3427431113946549,9.69696,0.0,0.0,,0.0,0.04184548800356599,3.694221832668998e-08
base,test,overtaking,high,COLLISION,5,5,0,5,5,0,0.0,valid_episodes,,,,,,,,,,,,,
base,test,overtaking,high,TIMEOUT,5,5,0,5,5,0,0.0,valid_episodes,,,,,,,,,,,,,
base,test,overtaking,high,PLANNER_FAILURE,5,5,0,5,5,0,0.0,valid_episodes,,,,,,,,,,,,,
base,test,overtaking,high,SIMULATOR_FAILURE,5,5,0,5,5,0,0.0,manifest_episodes,,,,,,,,,,,,,
base,test,overtaking,high,INVALID_RESET,5,5,0,5,5,0,0.0,manifest_episodes,,,,,,,,,,,,,
base,test,overtaking,low,GOAL_REACHED,5,5,0,5,5,5,1.0,valid_episodes,88.99091999999999,88.99091999999999,1.0,20.897390293477617,0.9600095244781908,0.12495242038755236,3.9627000000000008,0.0,0.0,,0.0,0.006063649818042233,3.8719811516683144e-08
base,test,overtaking,low,COLLISION,5,5,0,5,5,0,0.0,valid_episodes,,,,,,,,,,,,,
base,test,overtaking,low,TIMEOUT,5,5,0,5,5,0,0.0,valid_episodes,,,,,,,,,,,,,
base,test,overtaking,low,PLANNER_FAILURE,5,5,0,5,5,0,0.0,valid_episodes,,,,,,,,,,,,,
base,test,overtaking,low,SIMULATOR_FAILURE,5,5,0,5,5,0,0.0,manifest_episodes,,,,,,,,,,,,,
base,test,overtaking,low,INVALID_RESET,5,5,0,5,5,0,0.0,manifest_episodes,,,,,,,,,,,,,
base,test,overtaking,medium,GOAL_REACHED,5,5,0,5,5,5,1.0,valid_episodes,88.96428,88.96428,1.0,20.869987559069948,0.8880154335883257,0.23171353320606336,8.411579999999999,0.0,0.0,,0.0,0.030314288193750434,3.852201439328751e-08
base,test,overtaking,medium,COLLISION,5,5,0,5,5,0,0.0,valid_episodes,,,,,,,,,,,,,
base,test,overtaking,medium,TIMEOUT,5,5,0,5,5,0,0.0,valid_episodes,,,,,,,,,,,,,
base,test,overtaking,medium,PLANNER_FAILURE,5,5,0,5,5,0,0.0,valid_episodes,,,,,,,,,,,,,
base,test,overtaking,medium,SIMULATOR_FAILURE,5,5,0,5,5,0,0.0,manifest_episodes,,,,,,,,,,,,,
base,test,overtaking,medium,INVALID_RESET,5,5,0,5,5,0,0.0,manifest_episodes,,,,,,,,,,,,,
base,test,temporary_blockage,high,GOAL_REACHED,5,5,0,5,5,0,0.0,valid_episodes,,,,,,,,,,,,,
base,test,temporary_blockage,high,COLLISION,5,5,0,5,5,5,1.0,valid_episodes,29.563739999999996,29.563739999999996,0.0,6.9541603175189355,0.6938774215208564,0.08951630676068476,1.7981999999999971,0.0,0.0,,0.0,0.038446869137252156,0.31478354297680733
base,test,temporary_blockage,high,TIMEOUT,5,5,0,5,5,0,0.0,valid_episodes,,,,,,,,,,,,,
base,test,temporary_blockage,high,PLANNER_FAILURE,5,5,0,5,5,0,0.0,valid_episodes,,,,,,,,,,,,,
base,test,temporary_blockage,high,SIMULATOR_FAILURE,5,5,0,5,5,0,0.0,manifest_episodes,,,,,,,,,,,,,
base,test,temporary_blockage,high,INVALID_RESET,5,5,0,5,5,0,0.0,manifest_episodes,,,,,,,,,,,,,
base,test,temporary_blockage,low,GOAL_REACHED,5,5,0,5,5,1,0.2,valid_episodes,73.1601,73.1601,0.9958778883240825,17.070365850074968,1.397300068260862,0.0,0.0,0.0,0.0,,0.0,0.034592626308602874,0.4208652955073565
base,test,temporary_blockage,low,COLLISION,5,5,0,5,5,4,0.8,valid_episodes,33.699600000000004,33.699600000000004,0.0,7.9423112511603655,0.6992067558862648,0.06959130769869847,1.548449999999999,0.0,0.0,,0.0,0.07632901698591772,0.20611184795034054
base,test,temporary_blockage,low,TIMEOUT,5,5,0,5,5,0,0.0,valid_episodes,,,,,,,,,,,,,
base,test,temporary_blockage,low,PLANNER_FAILURE,5,5,0,5,5,0,0.0,valid_episodes,,,,,,,,,,,,,
base,test,temporary_blockage,low,SIMULATOR_FAILURE,5,5,0,5,5,0,0.0,manifest_episodes,,,,,,,,,,,,,
base,test,temporary_blockage,low,INVALID_RESET,5,5,0,5,5,0,0.0,manifest_episodes,,,,,,,,,,,,,
base,test,temporary_blockage,medium,GOAL_REACHED,5,5,0,5,5,2,0.4,valid_episodes,75.57435,75.57435,0.9803159608869321,17.34468527440663,0.8894360118573301,0.09452510669032821,3.896100000000004,0.0,0.0,,0.0,0.03939397175375991,0.538939864151954
base,test,temporary_blockage,medium,COLLISION,5,5,0,5,5,3,0.6,valid_episodes,35.586600000000004,35.586600000000004,0.0,8.409837022386034,0.700238010540775,0.06763994364154202,1.4097000000000033,0.0,0.0,,0.0,0.023297805283364947,0.30021357367207585
base,test,temporary_blockage,medium,TIMEOUT,5,5,0,5,5,0,0.0,valid_episodes,,,,,,,,,,,,,
base,test,temporary_blockage,medium,PLANNER_FAILURE,5,5,0,5,5,0,0.0,valid_episodes,,,,,,,,,,,,,
base,test,temporary_blockage,medium,SIMULATOR_FAILURE,5,5,0,5,5,0,0.0,manifest_episodes,,,,,,,,,,,,,
base,test,temporary_blockage,medium,INVALID_RESET,5,5,0,5,5,0,0.0,manifest_episodes,,,,,,,,,,,,,
bc_uniform,test,blind_corner,high,GOAL_REACHED,5,5,0,5,5,1,0.2,valid_episodes,140.09310000000002,140.09310000000002,0.7998165440841307,24.918644372800365,0.7904376659835236,0.25695269788447817,27.43920000000002,29.0,12.0,0.3333333333333333,56.60999999999999,0.42191585452816743,1.0258166835094094
bc_uniform,test,blind_corner,high,COLLISION,5,5,0,5,5,1,0.2,valid_episodes,102.36420000000001,102.36420000000001,0.0,18.12836142479588,0.7892682354178109,0.3913467794404685,34.66530000000002,16.0,6.0,0.3333333333333333,39.36060000000008,0.4196486662329215,0.8400008279275587
bc_uniform,test,blind_corner,high,TIMEOUT,5,5,0,5,5,2,0.4,valid_episodes,239.97645,239.97645,0.0,13.031653755441798,0.783511238571957,0.8312633937746943,196.28685000000002,9.0,7.5,0.19642857142857142,193.28985,0.8129469718299365,0.2731975050855484
bc_uniform,test,blind_corner,high,PLANNER_FAILURE,5,5,0,5,5,1,0.2,valid_episodes,114.0858,114.0858,0.0,13.634784789297017,0.800230375230752,0.6561587857559837,69.9633,9.0,2.0,0.5,66.76650000000001,0.5948628137769996,0.6209071438697596
bc_uniform,test,blind_corner,high,SIMULATOR_FAILURE,5,5,0,5,5,0,0.0,manifest_episodes,,,,,,,,,,,,,
bc_uniform,test,blind_corner,high,INVALID_RESET,5,5,0,5,5,0,0.0,manifest_episodes,,,,,,,,,,,,,
bc_uniform,test,blind_corner,low,GOAL_REACHED,5,5,0,5,5,3,0.6,valid_episodes,134.6763,134.6763,0.853517484198821,23.351188522701207,1.3096431559215167,0.0,0.0,20.333333333333332,12.0,0.3242424242424242,49.28400000000001,0.39097865101153245,0.9021898459471528
bc_uniform,test,blind_corner,low,COLLISION,5,5,0,5,5,0,0.0,valid_episodes,,,,,,,,,,,,,
bc_uniform,test,blind_corner,low,TIMEOUT,5,5,0,5,5,1,0.2,valid_episodes,239.95979999999997,239.95979999999997,0.0,18.21422882240422,1.2401213281302588,0.0,0.0,11.0,9.0,0.2222222222222222,174.65849999999998,0.7496530668887039,0.4130641822938922
bc_uniform,test,blind_corner,low,PLANNER_FAILURE,5,5,0,5,5,1,0.2,valid_episodes,113.08680000000001,113.08680000000001,0.0,16.16519945415259,1.341272133275097,0.0,0.0,4.0,3.0,0.3333333333333333,53.81280000000001,0.484982332155477,0.5057862943371415
bc_uniform,test,blind_corner,low,SIMULATOR_FAILURE,5,5,0,5,5,0,0.0,manifest_episodes,,,,,,,,,,,,,
bc_uniform,test,blind_corner,low,INVALID_RESET,5,5,0,5,5,0,0.0,manifest_episodes,,,,,,,,,,,,,
bc_uniform,test,blind_corner,medium,GOAL_REACHED,5,5,0,5,5,2,0.4,valid_episodes,124.49205,124.49205,0.8490124130101577,23.49920143626455,0.9386509192457264,0.053984762735253794,3.313350000000007,14.5,9.5,0.30952380952380953,36.04725000000001,0.3073827850134042,0.9242385421206336
bc_uniform,test,blind_corner,medium,COLLISION,5,5,0,5,5,0,0.0,valid_episodes,,,,,,,,,,,,,
bc_uniform,test,blind_corner,medium,TIMEOUT,5,5,0,5,5,0,0.0,valid_episodes,,,,,,,,,,,,,
bc_uniform,test,blind_corner,medium,PLANNER_FAILURE,5,5,0,5,5,3,0.6,valid_episodes,111.24420000000002,111.24420000000002,0.0,16.083910259270795,0.8964636713449275,0.07250122395275681,4.806300000000003,8.666666666666666,4.333333333333333,0.0,49.872299999999996,0.4799237073670075,0.5344218910917341
bc_uniform,test,blind_corner,medium,SIMULATOR_FAILURE,5,5,0,5,5,0,0.0,manifest_episodes,,,,,,,,,,,,,
bc_uniform,test,blind_corner,medium,INVALID_RESET,5,5,0,5,5,0,0.0,manifest_episodes,,,,,,,,,,,,,
bc_uniform,test,crossing_flow,high,GOAL_REACHED,5,5,0,5,5,5,1.0,valid_episodes,101.20536,101.20536,0.9709899311604367,21.634061573190667,1.1438992797897136,0.010666804773972728,0.0,1.0,1.6,1.0,11.43522,0.12039892376407466,0.45978545658437175
bc_uniform,test,crossing_flow,high,COLLISION,5,5,0,5,5,0,0.0,valid_episodes,,,,,,,,,,,,,
bc_uniform,test,crossing_flow,high,TIMEOUT,5,5,0,5,5,0,0.0,valid_episodes,,,,,,,,,,,,,
bc_uniform,test,crossing_flow,high,PLANNER_FAILURE,5,5,0,5,5,0,0.0,valid_episodes,,,,,,,,,,,,,
bc_uniform,test,crossing_flow,high,SIMULATOR_FAILURE,5,5,0,5,5,0,0.0,manifest_episodes,,,,,,,,,,,,,
bc_uniform,test,crossing_flow,high,INVALID_RESET,5,5,0,5,5,0,0.0,manifest_episodes,,,,,,,,,,,,,
bc_uniform,test,crossing_flow,low,GOAL_REACHED,5,5,0,5,5,5,1.0,valid_episodes,106.77978,106.77978,0.9122014904374843,23.051734105818653,0.8399669767278605,0.08222512936112199,7.206120000000001,1.8,1.8,0.5,11.908080000000004,0.1411862537659439,0.384476206849576
bc_uniform,test,crossing_flow,low,COLLISION,5,5,0,5,5,0,0.0,valid_episodes,,,,,,,,,,,,,
bc_uniform,test,crossing_flow,low,TIMEOUT,5,5,0,5,5,0,0.0,valid_episodes,,,,,,,,,,,,,
bc_uniform,test,crossing_flow,low,PLANNER_FAILURE,5,5,0,5,5,0,0.0,valid_episodes,,,,,,,,,,,,,
bc_uniform,test,crossing_flow,low,SIMULATOR_FAILURE,5,5,0,5,5,0,0.0,manifest_episodes,,,,,,,,,,,,,
bc_uniform,test,crossing_flow,low,INVALID_RESET,5,5,0,5,5,0,0.0,manifest_episodes,,,,,,,,,,,,,
bc_uniform,test,crossing_flow,medium,GOAL_REACHED,5,5,0,5,5,5,1.0,valid_episodes,98.00856,98.00856,0.983076173491124,21.364099761124443,1.0667350773009983,0.026042720963846633,0.29969999999999997,1.2,1.0,1.0,9.470519999999999,0.13340765461567825,0.33055926303314276
bc_uniform,test,crossing_flow,medium,COLLISION,5,5,0,5,5,0,0.0,valid_episodes,,,,,,,,,,,,,
bc_uniform,test,crossing_flow,medium,TIMEOUT,5,5,0,5,5,0,0.0,valid_episodes,,,,,,,,,,,,,
bc_uniform,test,crossing_flow,medium,PLANNER_FAILURE,5,5,0,5,5,0,0.0,valid_episodes,,,,,,,,,,,,,
bc_uniform,test,crossing_flow,medium,SIMULATOR_FAILURE,5,5,0,5,5,0,0.0,manifest_episodes,,,,,,,,,,,,,
bc_uniform,test,crossing_flow,medium,INVALID_RESET,5,5,0,5,5,0,0.0,manifest_episodes,,,,,,,,,,,,,
bc_uniform,test,doorway_bottleneck,high,GOAL_REACHED,5,5,0,5,5,5,1.0,valid_episodes,97.02954000000001,97.02954000000001,0.8940443937087481,19.11315901573843,0.9846633119507191,0.06981187170033552,1.5251400000000004,0.6,2.0,0.9333333333333332,25.188119999999998,0.2903898869509515,0.5281553424319004
bc_uniform,test,doorway_bottleneck,high,COLLISION,5,5,0,5,5,0,0.0,valid_episodes,,,,,,,,,,,,,
bc_uniform,test,doorway_bottleneck,high,TIMEOUT,5,5,0,5,5,0,0.0,valid_episodes,,,,,,,,,,,,,
bc_uniform,test,doorway_bottleneck,high,PLANNER_FAILURE,5,5,0,5,5,0,0.0,valid_episodes,,,,,,,,,,,,,
bc_uniform,test,doorway_bottleneck,high,SIMULATOR_FAILURE,5,5,0,5,5,0,0.0,manifest_episodes,,,,,,,,,,,,,
bc_uniform,test,doorway_bottleneck,high,INVALID_RESET,5,5,0,5,5,0,0.0,manifest_episodes,,,,,,,,,,,,,
bc_uniform,test,doorway_bottleneck,low,GOAL_REACHED,5,5,0,5,5,5,1.0,valid_episodes,85.09482,85.09482,0.9528103029656018,17.816825416343594,0.8713141110089889,0.06331564368807474,3.6763199999999996,0.8,1.0,1.0,13.926060000000001,0.20156943041424089,0.44903002785751844
bc_uniform,test,doorway_bottleneck,low,COLLISION,5,5,0,5,5,0,0.0,valid_episodes,,,,,,,,,,,,,
bc_uniform,test,doorway_bottleneck,low,TIMEOUT,5,5,0,5,5,0,0.0,valid_episodes,,,,,,,,,,,,,
bc_uniform,test,doorway_bottleneck,low,PLANNER_FAILURE,5,5,0,5,5,0,0.0,valid_episodes,,,,,,,,,,,,,
bc_uniform,test,doorway_bottleneck,low,SIMULATOR_FAILURE,5,5,0,5,5,0,0.0,manifest_episodes,,,,,,,,,,,,,
bc_uniform,test,doorway_bottleneck,low,INVALID_RESET,5,5,0,5,5,0,0.0,manifest_episodes,,,,,,,,,,,,,
bc_uniform,test,doorway_bottleneck,medium,GOAL_REACHED,5,5,0,5,5,3,0.6,valid_episodes,83.8494,83.8494,0.9531273258294896,17.850348862835773,0.895566401674928,0.10353632827794416,4.328999999999997,1.0,1.3333333333333333,0.8333333333333334,13.530899999999997,0.1645319061467755,0.42000475348647476
bc_uniform,test,doorway_bottleneck,medium,COLLISION,5,5,0,5,5,0,0.0,valid_episodes,,,,,,,,,,,,,
bc_uniform,test,doorway_bottleneck,medium,TIMEOUT,5,5,0,5,5,0,0.0,valid_episodes,,,,,,,,,,,,,
bc_uniform,test,doorway_bottleneck,medium,PLANNER_FAILURE,5,5,0,5,5,2,0.4,valid_episodes,61.22205,61.22205,0.0,5.400680851920994,0.715944711653034,0.6506125025187574,39.2274,1.5,1.0,0.0,45.354600000000005,0.7436416193535387,0.13217081622130078
bc_uniform,test,doorway_bottleneck,medium,SIMULATOR_FAILURE,5,5,0,5,5,0,0.0,manifest_episodes,,,,,,,,,,,,,
bc_uniform,test,doorway_bottleneck,medium,INVALID_RESET,5,5,0,5,5,0,0.0,manifest_episodes,,,,,,,,,,,,,
bc_uniform,test,group_blocking,high,GOAL_REACHED,5,5,0,5,5,5,1.0,valid_episodes,88.22502,88.22502,1.0,20.797286715393646,1.030096227093781,0.06538824141038635,1.2387599999999963,0.2,0.2,0.0,0.09989999999999952,0.010108768025171862,3.646544360609692e-08
bc_uniform,test,group_blocking,high,COLLISION,5,5,0,5,5,0,0.0,valid_episodes,,,,,,,,,,,,,
bc_uniform,test,group_blocking,high,TIMEOUT,5,5,0,5,5,0,0.0,valid_episodes,,,,,,,,,,,,,
bc_uniform,test,group_blocking,high,PLANNER_FAILURE,5,5,0,5,5,0,0.0,valid_episodes,,,,,,,,,,,,,
bc_uniform,test,group_blocking,high,SIMULATOR_FAILURE,5,5,0,5,5,0,0.0,manifest_episodes,,,,,,,,,,,,,
bc_uniform,test,group_blocking,high,INVALID_RESET,5,5,0,5,5,0,0.0,manifest_episodes,,,,,,,,,,,,,
bc_uniform,test,group_blocking,low,GOAL_REACHED,5,5,0,5,5,5,1.0,valid_episodes,88.01856000000001,88.01856000000001,1.0,20.75823798839522,1.0300717521506813,0.060079047997258696,1.2987000000000024,0.4,0.4,0.0,0.19979999999999903,0.04443855544529967,3.6129757132957536e-08
bc_uniform,test,group_blocking,low,COLLISION,5,5,0,5,5,0,0.0,valid_episodes,,,,,,,,,,,,,
bc_uniform,test,group_blocking,low,TIMEOUT,5,5,0,5,5,0,0.0,valid_episodes,,,,,,,,,,,,,
bc_uniform,test,group_blocking,low,PLANNER_FAILURE,5,5,0,5,5,0,0.0,valid_episodes,,,,,,,,,,,,,
bc_uniform,test,group_blocking,low,SIMULATOR_FAILURE,5,5,0,5,5,0,0.0,manifest_episodes,,,,,,,,,,,,,
bc_uniform,test,group_blocking,low,INVALID_RESET,5,5,0,5,5,0,0.0,manifest_episodes,,,,,,,,,,,,,
bc_uniform,test,group_blocking,medium,GOAL_REACHED,5,5,0,5,5,5,1.0,valid_episodes,88.5114,88.5114,1.0,20.782873664760476,1.030054015279487,0.06581504934744552,1.3186800000000005,0.4,0.4,0.0,0.19979999999999903,0.005258239076543067,0.000965571598396995
bc_uniform,test,group_blocking,medium,COLLISION,5,5,0,5,5,0,0.0,valid_episodes,,,,,,,,,,,,,
bc_uniform,test,group_blocking,medium,TIMEOUT,5,5,0,5,5,0,0.0,valid_episodes,,,,,,,,,,,,,
bc_uniform,test,group_blocking,medium,PLANNER_FAILURE,5,5,0,5,5,0,0.0,valid_episodes,,,,,,,,,,,,,
bc_uniform,test,group_blocking,medium,SIMULATOR_FAILURE,5,5,0,5,5,0,0.0,manifest_episodes,,,,,,,,,,,,,
bc_uniform,test,group_blocking,medium,INVALID_RESET,5,5,0,5,5,0,0.0,manifest_episodes,,,,,,,,,,,,,
bc_uniform,test,head_on_corridor,high,GOAL_REACHED,5,5,0,5,5,5,1.0,valid_episodes,102.40416,102.40416,0.9719579463699715,21.609658218316632,0.7588497067819031,0.1102734365041933,8.071920000000002,2.2,1.6,1.0,14.985000000000003,0.1813250693651844,0.4439899867587197
bc_uniform,test,head_on_corridor,high,COLLISION,5,5,0,5,5,0,0.0,valid_episodes,,,,,,,,,,,,,
bc_uniform,test,head_on_corridor,high,TIMEOUT,5,5,0,5,5,0,0.0,valid_episodes,,,,,,,,,,,,,
bc_uniform,test,head_on_corridor,high,PLANNER_FAILURE,5,5,0,5,5,0,0.0,valid_episodes,,,,,,,,,,,,,
bc_uniform,test,head_on_corridor,high,SIMULATOR_FAILURE,5,5,0,5,5,0,0.0,manifest_episodes,,,,,,,,,,,,,
bc_uniform,test,head_on_corridor,high,INVALID_RESET,5,5,0,5,5,0,0.0,manifest_episodes,,,,,,,,,,,,,
bc_uniform,test,head_on_corridor,low,GOAL_REACHED,5,5,0,5,5,5,1.0,valid_episodes,99.26064,99.26064,0.9880537782208195,21.24653549791857,0.8789450041190852,0.04141497170795154,2.797200000000001,0.6,2.0,1.0,12.70062,0.1341056677454224,0.4384896869586131
bc_uniform,test,head_on_corridor,low,COLLISION,5,5,0,5,5,0,0.0,valid_episodes,,,,,,,,,,,,,
bc_uniform,test,head_on_corridor,low,TIMEOUT,5,5,0,5,5,0,0.0,valid_episodes,,,,,,,,,,,,,
bc_uniform,test,head_on_corridor,low,PLANNER_FAILURE,5,5,0,5,5,0,0.0,valid_episodes,,,,,,,,,,,,,
bc_uniform,test,head_on_corridor,low,SIMULATOR_FAILURE,5,5,0,5,5,0,0.0,manifest_episodes,,,,,,,,,,,,,
bc_uniform,test,head_on_corridor,low,INVALID_RESET,5,5,0,5,5,0,0.0,manifest_episodes,,,,,,,,,,,,,
bc_uniform,test,head_on_corridor,medium,GOAL_REACHED,5,5,0,5,5,5,1.0,valid_episodes,99.42714000000001,99.42714000000001,0.9753671404644649,21.50383839699912,0.8834160978405778,0.06726283163085825,4.075919999999998,0.8,1.2,1.0,12.460860000000002,0.14692578604211076,0.4007910432624705
bc_uniform,test,head_on_corridor,medium,COLLISION,5,5,0,5,5,0,0.0,valid_episodes,,,,,,,,,,,,,
bc_uniform,test,head_on_corridor,medium,TIMEOUT,5,5,0,5,5,0,0.0,valid_episodes,,,,,,,,,,,,,
bc_uniform,test,head_on_corridor,medium,PLANNER_FAILURE,5,5,0,5,5,0,0.0,valid_episodes,,,,,,,,,,,,,
bc_uniform,test,head_on_corridor,medium,SIMULATOR_FAILURE,5,5,0,5,5,0,0.0,manifest_episodes,,,,,,,,,,,,,
bc_uniform,test,head_on_corridor,medium,INVALID_RESET,5,5,0,5,5,0,0.0,manifest_episodes,,,,,,,,,,,,,
bc_uniform,test,opposite_streams,high,GOAL_REACHED,5,5,0,5,5,5,1.0,valid_episodes,100.50606,100.50606,0.9736650095342746,21.563631918291616,0.9204408851969024,0.07323094438253377,3.263399999999996,1.0,2.6,0.77,14.25239999999999,0.17924196895037925,0.32997188652417414
bc_uniform,test,opposite_streams,high,COLLISION,5,5,0,5,5,0,0.0,valid_episodes,,,,,,,,,,,,,
bc_uniform,test,opposite_streams,high,TIMEOUT,5,5,0,5,5,0,0.0,valid_episodes,,,,,,,,,,,,,
bc_uniform,test,opposite_streams,high,PLANNER_FAILURE,5,5,0,5,5,0,0.0,valid_episodes,,,,,,,,,,,,,
bc_uniform,test,opposite_streams,high,SIMULATOR_FAILURE,5,5,0,5,5,0,0.0,manifest_episodes,,,,,,,,,,,,,
bc_uniform,test,opposite_streams,high,INVALID_RESET,5,5,0,5,5,0,0.0,manifest_episodes,,,,,,,,,,,,,
bc_uniform,test,opposite_streams,low,GOAL_REACHED,5,5,0,5,5,5,1.0,valid_episodes,95.59764000000001,95.59764000000001,0.9943246724635998,21.035762897144856,1.0169414956638554,0.024718938770081224,0.9989999999999994,0.2,1.4,1.0,10.829160000000005,0.15740887324581201,0.28936879976188623
bc_uniform,test,opposite_streams,low,COLLISION,5,5,0,5,5,0,0.0,valid_episodes,,,,,,,,,,,,,
bc_uniform,test,opposite_streams,low,TIMEOUT,5,5,0,5,5,0,0.0,valid_episodes,,,,,,,,,,,,,
bc_uniform,test,opposite_streams,low,PLANNER_FAILURE,5,5,0,5,5,0,0.0,valid_episodes,,,,,,,,,,,,,
bc_uniform,test,opposite_streams,low,SIMULATOR_FAILURE,5,5,0,5,5,0,0.0,manifest_episodes,,,,,,,,,,,,,
bc_uniform,test,opposite_streams,low,INVALID_RESET,5,5,0,5,5,0,0.0,manifest_episodes,,,,,,,,,,,,,
bc_uniform,test,opposite_streams,medium,GOAL_REACHED,5,5,0,5,5,5,1.0,valid_episodes,93.99258,93.99258,0.9971830502034699,20.98368385890344,0.9241011592202097,0.08188983248369128,3.429900000000001,1.6,2.4,0.6900000000000001,9.61704,0.10931587857235439,0.31963399441400536
bc_uniform,test,opposite_streams,medium,COLLISION,5,5,0,5,5,0,0.0,valid_episodes,,,,,,,,,,,,,
bc_uniform,test,opposite_streams,medium,TIMEOUT,5,5,0,5,5,0,0.0,valid_episodes,,,,,,,,,,,,,
bc_uniform,test,opposite_streams,medium,PLANNER_FAILURE,5,5,0,5,5,0,0.0,valid_episodes,,,,,,,,,,,,,
bc_uniform,test,opposite_streams,medium,SIMULATOR_FAILURE,5,5,0,5,5,0,0.0,manifest_episodes,,,,,,,,,,,,,
bc_uniform,test,opposite_streams,medium,INVALID_RESET,5,5,0,5,5,0,0.0,manifest_episodes,,,,,,,,,,,,,
bc_uniform,test,overtaking,high,GOAL_REACHED,5,5,0,5,5,5,1.0,valid_episodes,128.05182,128.05182,0.8620086663420323,24.38164477647157,1.019528867382827,0.2172299281385412,0.0,0.0,5.2,1.0,35.39790000000001,0.28601204772172917,0.4384707612532914
bc_uniform,test,overtaking,high,COLLISION,5,5,0,5,5,0,0.0,valid_episodes,,,,,,,,,,,,,
bc_uniform,test,overtaking,high,TIMEOUT,5,5,0,5,5,0,0.0,valid_episodes,,,,,,,,,,,,,
bc_uniform,test,overtaking,high,PLANNER_FAILURE,5,5,0,5,5,0,0.0,valid_episodes,,,,,,,,,,,,,
bc_uniform,test,overtaking,high,SIMULATOR_FAILURE,5,5,0,5,5,0,0.0,manifest_episodes,,,,,,,,,,,,,
bc_uniform,test,overtaking,high,INVALID_RESET,5,5,0,5,5,0,0.0,manifest_episodes,,,,,,,,,,,,,
bc_uniform,test,overtaking,low,GOAL_REACHED,5,5,0,5,5,5,1.0,valid_episodes,93.52637999999999,93.52637999999999,1.0,20.784432385458402,0.9600120825794505,0.1932625746209749,12.2544,6.6,6.6,0.0,6.027299999999995,0.10413599667800714,0.0017281339618279666
bc_uniform,test,overtaking,low,COLLISION,5,5,0,5,5,0,0.0,valid_episodes,,,,,,,,,,,,,
bc_uniform,test,overtaking,low,TIMEOUT,5,5,0,5,5,0,0.0,valid_episodes,,,,,,,,,,,,,
bc_uniform,test,overtaking,low,PLANNER_FAILURE,5,5,0,5,5,0,0.0,valid_episodes,,,,,,,,,,,,,
bc_uniform,test,overtaking,low,SIMULATOR_FAILURE,5,5,0,5,5,0,0.0,manifest_episodes,,,,,,,,,,,,,
bc_uniform,test,overtaking,low,INVALID_RESET,5,5,0,5,5,0,0.0,manifest_episodes,,,,,,,,,,,,,
bc_uniform,test,overtaking,medium,GOAL_REACHED,5,5,0,5,5,5,1.0,valid_episodes,128.55132,128.55132,0.8749631204123484,24.410056813376297,0.9161986284182995,0.278297325096046,15.384599999999995,8.8,12.0,0.4901315789473684,33.62633999999999,0.24249704340531464,0.2885113928225967
bc_uniform,test,overtaking,medium,COLLISION,5,5,0,5,5,0,0.0,valid_episodes,,,,,,,,,,,,,
bc_uniform,test,overtaking,medium,TIMEOUT,5,5,0,5,5,0,0.0,valid_episodes,,,,,,,,,,,,,
bc_uniform,test,overtaking,medium,PLANNER_FAILURE,5,5,0,5,5,0,0.0,valid_episodes,,,,,,,,,,,,,
bc_uniform,test,overtaking,medium,SIMULATOR_FAILURE,5,5,0,5,5,0,0.0,manifest_episodes,,,,,,,,,,,,,
bc_uniform,test,overtaking,medium,INVALID_RESET,5,5,0,5,5,0,0.0,manifest_episodes,,,,,,,,,,,,,
bc_uniform,test,temporary_blockage,high,GOAL_REACHED,5,5,0,5,5,2,0.4,valid_episodes,141.77474999999998,141.77474999999998,0.81085949290984,21.59917736752244,0.8137955368698726,0.44281673474888317,61.47180000000001,23.5,13.0,0.29084967320261434,67.03290000000001,0.40984599771875035,0.5973854767478946
bc_uniform,test,temporary_blockage,high,COLLISION,5,5,0,5,5,0,0.0,valid_episodes,,,,,,,,,,,,,
bc_uniform,test,temporary_blockage,high,TIMEOUT,5,5,0,5,5,1,0.2,valid_episodes,239.9598,239.9598,0.0,10.856264569646921,0.7554783170087368,0.8570635581459894,197.23590000000002,11.0,10.0,0.1,200.66580000000002,0.8420760477379963,0.24518058558696204
bc_uniform,test,temporary_blockage,high,PLANNER_FAILURE,5,5,0,5,5,2,0.4,valid_episodes,103.21335,103.21335,0.0,11.436339697181644,0.7995253263624421,0.6561196835367915,58.408199999999994,15.0,5.0,0.5416666666666666,67.68225,0.6645104705833025,0.37317522284423443
bc_uniform,test,temporary_blockage,high,SIMULATOR_FAILURE,5,5,0,5,5,0,0.0,manifest_episodes,,,,,,,,,,,,,
bc_uniform,test,temporary_blockage,high,INVALID_RESET,5,5,0,5,5,0,0.0,manifest_episodes,,,,,,,,,,,,,
bc_uniform,test,temporary_blockage,low,GOAL_REACHED,5,5,0,5,5,5,1.0,valid_episodes,85.44113999999999,85.44113999999999,0.9192611215530769,18.527044309580198,1.0506531738327833,0.04368821934308089,1.3519800000000004,1.4,1.2,0.75,10.362960000000005,0.1734310451613943,0.4992934599883433
bc_uniform,test,temporary_blockage,low,COLLISION,5,5,0,5,5,0,0.0,valid_episodes,,,,,,,,,,,,,
bc_uniform,test,temporary_blockage,low,TIMEOUT,5,5,0,5,5,0,0.0,valid_episodes,,,,,,,,,,,,,
bc_uniform,test,temporary_blockage,low,PLANNER_FAILURE,5,5,0,5,5,0,0.0,valid_episodes,,,,,,,,,,,,,
bc_uniform,test,temporary_blockage,low,SIMULATOR_FAILURE,5,5,0,5,5,0,0.0,manifest_episodes,,,,,,,,,,,,,
bc_uniform,test,temporary_blockage,low,INVALID_RESET,5,5,0,5,5,0,0.0,manifest_episodes,,,,,,,,,,,,,
bc_uniform,test,temporary_blockage,medium,GOAL_REACHED,5,5,0,5,5,3,0.6,valid_episodes,76.4568,76.4568,0.9734064157190433,17.474087451314613,0.9216247904958373,0.10697485763572027,3.196800000000001,0.6666666666666666,1.0,0.6666666666666666,3.9960000000000044,0.061226032222275906,0.434992769815245
bc_uniform,test,temporary_blockage,medium,COLLISION,5,5,0,5,5,0,0.0,valid_episodes,,,,,,,,,,,,,
bc_uniform,test,temporary_blockage,medium,TIMEOUT,5,5,0,5,5,1,0.2,valid_episodes,239.99309999999997,239.99309999999997,0.0,13.604371388233215,0.8071136555106122,0.7874288885805466,182.41739999999996,12.0,6.0,0.5,200.29949999999997,0.8425142222838906,0.4126915931262835
bc_uniform,test,temporary_blockage,medium,PLANNER_FAILURE,5,5,0,5,5,1,0.2,valid_episodes,110.1897,110.1897,0.0,13.336962994121091,0.7695119286469568,0.560592323964944,43.78949999999999,9.0,4.0,0.5,71.9613,0.661226956784527,0.6313192416127617
bc_uniform,test,temporary_blockage,medium,SIMULATOR_FAILURE,5,5,0,5,5,0,0.0,manifest_episodes,,,,,,,,,,,,,
bc_uniform,test,temporary_blockage,medium,INVALID_RESET,5,5,0,5,5,0,0.0,manifest_episodes,,,,,,,,,,,,,
heuristic,test,blind_corner,high,GOAL_REACHED,5,5,0,5,5,1,0.2,valid_episodes,147.4191,147.4191,0.7735016312933258,25.766389131190742,0.8059219388120452,0.19494014004969504,23.3433,27.0,21.0,0.14285714285714285,59.67360000000002,0.4158572396656879,0.9506250342031375
heuristic,test,blind_corner,high,COLLISION,5,5,0,5,5,0,0.0,valid_episodes,,,,,,,,,,,,,
heuristic,test,blind_corner,high,TIMEOUT,5,5,0,5,5,4,0.8,valid_episodes,239.94315,239.94315,0.0,15.451402806566337,0.7876144059310047,0.6510084173051103,148.76775,12.5,6.5,0.30853174603174605,188.203275,0.7932146191305225,0.3791894189824692
heuristic,test,blind_corner,high,PLANNER_FAILURE,5,5,0,5,5,0,0.0,valid_episodes,,,,,,,,,,,,,
heuristic,test,blind_corner,high,SIMULATOR_FAILURE,5,5,0,5,5,0,0.0,manifest_episodes,,,,,,,,,,,,,
heuristic,test,blind_corner,high,INVALID_RESET,5,5,0,5,5,0,0.0,manifest_episodes,,,,,,,,,,,,,
heuristic,test,blind_corner,low,GOAL_REACHED,5,5,0,5,5,3,0.6,valid_episodes,131.0133,131.0133,0.8300920869108985,24.046927944885102,1.1593714967359154,0.04289799252571528,0.0,17.0,13.0,0.22979797979797978,45.27689999999999,0.35981047211916733,1.045516079871547
heuristic,test,blind_corner,low,COLLISION,5,5,0,5,5,0,0.0,valid_episodes,,,,,,,,,,,,,
heuristic,test,blind_corner,low,TIMEOUT,5,5,0,5,5,1,0.2,valid_episodes,239.99310000000003,239.99310000000003,0.0,22.834956834801332,1.3212256087074614,0.0,0.0,22.0,14.0,0.5,162.40410000000003,0.6816983488275287,0.4755509349862115
heuristic,test,blind_corner,low,PLANNER_FAILURE,5,5,0,5,5,1,0.2,valid_episodes,136.4301,136.4301,0.0,19.70305121621081,0.9828128224870033,0.04320234317793503,0.9989999999999952,14.0,10.0,0.2,71.16210000000002,0.5418598974859654,0.9168760847731007
heuristic,test,blind_corner,low,SIMULATOR_FAILURE,5,5,0,5,5,0,0.0,manifest_episodes,,,,,,,,,,,,,
heuristic,test,blind_corner,low,INVALID_RESET,5,5,0,5,5,0,0.0,manifest_episodes,,,,,,,,,,,,,
heuristic,test,blind_corner,medium,GOAL_REACHED,5,5,0,5,5,3,0.6,valid_episodes,131.7015,131.7015,0.8204843598284942,24.386388399447608,0.9756177024397276,0.049418028384586477,2.097899999999998,15.666666666666666,8.333333333333334,0.35555555555555557,44.8884,0.37089611638248704,1.0116111088938902
heuristic,test,blind_corner,medium,COLLISION,5,5,0,5,5,0,0.0,valid_episodes,,,,,,,,,,,,,
heuristic,test,blind_corner,medium,TIMEOUT,5,5,0,5,5,0,0.0,valid_episodes,,,,,,,,,,,,,
heuristic,test,blind_corner,medium,PLANNER_FAILURE,5,5,0,5,5,2,0.4,valid_episodes,122.5773,122.5773,0.0,15.636518633353376,0.8759195363608363,0.09978295238350444,9.6903,12.0,5.5,0.1111111111111111,61.2054,0.5224061470028672,0.44271137083570566
heuristic,test,blind_corner,medium,SIMULATOR_FAILURE,5,5,0,5,5,0,0.0,manifest_episodes,,,,,,,,,,,,,
heuristic,test,blind_corner,medium,INVALID_RESET,5,5,0,5,5,0,0.0,manifest_episodes,,,,,,,,,,,,,
heuristic,test,crossing_flow,high,GOAL_REACHED,5,5,0,5,5,5,1.0,valid_episodes,101.8314,101.8314,0.9395321603696865,22.379234703871525,0.9271113265367082,0.05301695878340137,3.9227400000000023,1.2,1.2,1.0,13.479840000000001,0.16998502433340085,0.4020988109468321
heuristic,test,crossing_flow,high,COLLISION,5,5,0,5,5,0,0.0,valid_episodes,,,,,,,,,,,,,
heuristic,test,crossing_flow,high,TIMEOUT,5,5,0,5,5,0,0.0,valid_episodes,,,,,,,,,,,,,
heuristic,test,crossing_flow,high,PLANNER_FAILURE,5,5,0,5,5,0,0.0,valid_episodes,,,,,,,,,,,,,
heuristic,test,crossing_flow,high,SIMULATOR_FAILURE,5,5,0,5,5,0,0.0,manifest_episodes,,,,,,,,,,,,,
heuristic,test,crossing_flow,high,INVALID_RESET,5,5,0,5,5,0,0.0,manifest_episodes,,,,,,,,,,,,,
heuristic,test,crossing_flow,low,GOAL_REACHED,5,5,0,5,5,5,1.0,valid_episodes,108.87102,108.87102,0.8831034885907407,23.882998519651263,0.8504759844104193,0.07420962535299884,6.606720000000005,1.2,1.2,0.8,11.008980000000005,0.13354151641839115,0.4636453548137883
heuristic,test,crossing_flow,low,COLLISION,5,5,0,5,5,0,0.0,valid_episodes,,,,,,,,,,,,,
heuristic,test,crossing_flow,low,TIMEOUT,5,5,0,5,5,0,0.0,valid_episodes,,,,,,,,,,,,,
heuristic,test,crossing_flow,low,PLANNER_FAILURE,5,5,0,5,5,0,0.0,valid_episodes,,,,,,,,,,,,,
heuristic,test,crossing_flow,low,SIMULATOR_FAILURE,5,5,0,5,5,0,0.0,manifest_episodes,,,,,,,,,,,,,
heuristic,test,crossing_flow,low,INVALID_RESET,5,5,0,5,5,0,0.0,manifest_episodes,,,,,,,,,,,,,
heuristic,test,crossing_flow,medium,GOAL_REACHED,5,5,0,5,5,4,0.8,valid_episodes,95.88735,95.88735,0.9606454833683654,21.86046902284183,1.1598390145526174,0.010481562034042935,0.0,1.0,1.0,1.0,5.902424999999999,0.07562146948376557,0.2993661151844884
heuristic,test,crossing_flow,medium,COLLISION,5,5,0,5,5,1,0.2,valid_episodes,29.304,29.304,0.0,6.336759426668416,0.6885880578595163,0.10113636363636375,1.9647000000000006,2.0,3.0,0.3333333333333333,4.595399999999998,0.1670454545454544,0.4619480877328072
heuristic,test,crossing_flow,medium,TIMEOUT,5,5,0,5,5,0,0.0,valid_episodes,,,,,,,,,,,,,
heuristic,test,crossing_flow,medium,PLANNER_FAILURE,5,5,0,5,5,0,0.0,valid_episodes,,,,,,,,,,,,,
heuristic,test,crossing_flow,medium,SIMULATOR_FAILURE,5,5,0,5,5,0,0.0,manifest_episodes,,,,,,,,,,,,,
heuristic,test,crossing_flow,medium,INVALID_RESET,5,5,0,5,5,0,0.0,manifest_episodes,,,,,,,,,,,,,
heuristic,test,doorway_bottleneck,high,GOAL_REACHED,5,5,0,5,5,5,1.0,valid_episodes,77.8887,77.8887,0.9766252113473668,17.391167095268127,0.9634699881199167,0.09861039502270308,1.9180800000000005,0.2,1.0,1.0,14.34564,0.20376041133483694,0.5735049575664106
heuristic,test,doorway_bottleneck,high,COLLISION,5,5,0,5,5,0,0.0,valid_episodes,,,,,,,,,,,,,
heuristic,test,doorway_bottleneck,high,TIMEOUT,5,5,0,5,5,0,0.0,valid_episodes,,,,,,,,,,,,,
heuristic,test,doorway_bottleneck,high,PLANNER_FAILURE,5,5,0,5,5,0,0.0,valid_episodes,,,,,,,,,,,,,
heuristic,test,doorway_bottleneck,high,SIMULATOR_FAILURE,5,5,0,5,5,0,0.0,manifest_episodes,,,,,,,,,,,,,
heuristic,test,doorway_bottleneck,high,INVALID_RESET,5,5,0,5,5,0,0.0,manifest_episodes,,,,,,,,,,,,,
heuristic,test,doorway_bottleneck,low,GOAL_REACHED,5,5,0,5,5,5,1.0,valid_episodes,75.71753999999999,75.71753999999999,0.9953587486047212,17.025003097878177,0.9746670643735114,0.039031265892579714,1.3586399999999998,0.8,1.4,1.0,10.023299999999999,0.1539600269029265,0.44777042304075837
heuristic,test,doorway_bottleneck,low,COLLISION,5,5,0,5,5,0,0.0,valid_episodes,,,,,,,,,,,,,
heuristic,test,doorway_bottleneck,low,TIMEOUT,5,5,0,5,5,0,0.0,valid_episodes,,,,,,,,,,,,,
heuristic,test,doorway_bottleneck,low,PLANNER_FAILURE,5,5,0,5,5,0,0.0,valid_episodes,,,,,,,,,,,,,
heuristic,test,doorway_bottleneck,low,SIMULATOR_FAILURE,5,5,0,5,5,0,0.0,manifest_episodes,,,,,,,,,,,,,
heuristic,test,doorway_bottleneck,low,INVALID_RESET,5,5,0,5,5,0,0.0,manifest_episodes,,,,,,,,,,,,,
heuristic,test,doorway_bottleneck,medium,GOAL_REACHED,5,5,0,5,5,5,1.0,valid_episodes,77.42249999999999,77.42249999999999,0.9997587363395292,16.944308497403682,0.8416357019062154,0.0828287161720429,4.40226,1.2,1.2,1.0,11.961360000000003,0.1814285888183445,0.41208575168911254
heuristic,test,doorway_bottleneck,medium,COLLISION,5,5,0,5,5,0,0.0,valid_episodes,,,,,,,,,,,,,
heuristic,test,doorway_bottleneck,medium,TIMEOUT,5,5,0,5,5,0,0.0,valid_episodes,,,,,,,,,,,,,
heuristic,test,doorway_bottleneck,medium,PLANNER_FAILURE,5,5,0,5,5,0,0.0,valid_episodes,,,,,,,,,,,,,
heuristic,test,doorway_bottleneck,medium,SIMULATOR_FAILURE,5,5,0,5,5,0,0.0,manifest_episodes,,,,,,,,,,,,,
heuristic,test,doorway_bottleneck,medium,INVALID_RESET,5,5,0,5,5,0,0.0,manifest_episodes,,,,,,,,,,,,,
heuristic,test,group_blocking,high,GOAL_REACHED,5,5,0,5,5,5,1.0,valid_episodes,88.49141999999999,88.49141999999999,1.0,20.788160798924896,1.054073575968087,0.06664048869205147,1.3186800000000005,0.4,0.4,0.0,0.19979999999999903,0.038533150578783586,0.0009644827847553663
heuristic,test,group_blocking,high,COLLISION,5,5,0,5,5,0,0.0,valid_episodes,,,,,,,,,,,,,
heuristic,test,group_blocking,high,TIMEOUT,5,5,0,5,5,0,0.0,valid_episodes,,,,,,,,,,,,,
heuristic,test,group_blocking,high,PLANNER_FAILURE,5,5,0,5,5,0,0.0,valid_episodes,,,,,,,,,,,,,
heuristic,test,group_blocking,high,SIMULATOR_FAILURE,5,5,0,5,5,0,0.0,manifest_episodes,,,,,,,,,,,,,
heuristic,test,group_blocking,high,INVALID_RESET,5,5,0,5,5,0,0.0,manifest_episodes,,,,,,,,,,,,,
heuristic,test,group_blocking,low,GOAL_REACHED,5,5,0,5,5,5,1.0,valid_episodes,88.05851999999999,88.05851999999999,1.0,20.797154213905383,1.03009167407508,0.05712470252747418,1.1588399999999979,0.2,0.2,0.0,0.09989999999999952,0.015011399109506598,0.001960893124113028
heuristic,test,group_blocking,low,COLLISION,5,5,0,5,5,0,0.0,valid_episodes,,,,,,,,,,,,,
heuristic,test,group_blocking,low,TIMEOUT,5,5,0,5,5,0,0.0,valid_episodes,,,,,,,,,,,,,
heuristic,test,group_blocking,low,PLANNER_FAILURE,5,5,0,5,5,0,0.0,valid_episodes,,,,,,,,,,,,,
heuristic,test,group_blocking,low,SIMULATOR_FAILURE,5,5,0,5,5,0,0.0,manifest_episodes,,,,,,,,,,,,,
heuristic,test,group_blocking,low,INVALID_RESET,5,5,0,5,5,0,0.0,manifest_episodes,,,,,,,,,,,,,
heuristic,test,group_blocking,medium,GOAL_REACHED,5,5,0,5,5,5,1.0,valid_episodes,88.35821999999999,88.35821999999999,1.0,20.788518458236833,1.0301280041029666,0.06450478445065941,1.2320999999999998,0.2,0.2,0.0,0.09323999999999728,0.03529481389453189,3.6802712383314486e-08
heuristic,test,group_blocking,medium,COLLISION,5,5,0,5,5,0,0.0,valid_episodes,,,,,,,,,,,,,
heuristic,test,group_blocking,medium,TIMEOUT,5,5,0,5,5,0,0.0,valid_episodes,,,,,,,,,,,,,
heuristic,test,group_blocking,medium,PLANNER_FAILURE,5,5,0,5,5,0,0.0,valid_episodes,,,,,,,,,,,,,
heuristic,test,group_blocking,medium,SIMULATOR_FAILURE,5,5,0,5,5,0,0.0,manifest_episodes,,,,,,,,,,,,,
heuristic,test,group_blocking,medium,INVALID_RESET,5,5,0,5,5,0,0.0,manifest_episodes,,,,,,,,,,,,,
heuristic,test,head_on_corridor,high,GOAL_REACHED,5,5,0,5,5,2,0.4,valid_episodes,103.61295,103.61295,0.9784962032214715,21.466368159168756,0.7595806091019897,0.12086788347912755,11.405249999999999,2.5,1.5,1.0,17.03295,0.18071225273382363,0.31404561860297353
heuristic,test,head_on_corridor,high,COLLISION,5,5,0,5,5,0,0.0,valid_episodes,,,,,,,,,,,,,
heuristic,test,head_on_corridor,high,TIMEOUT,5,5,0,5,5,0,0.0,valid_episodes,,,,,,,,,,,,,
heuristic,test,head_on_corridor,high,PLANNER_FAILURE,5,5,0,5,5,3,0.6,valid_episodes,64.60200000000002,64.60200000000002,0.0,6.008253872474248,0.7170949092584422,0.6655951348099634,42.4686,1.3333333333333333,1.0,0.0,45.265800000000006,0.7094447859694227,0.03447898643431286
heuristic,test,head_on_corridor,high,SIMULATOR_FAILURE,5,5,0,5,5,0,0.0,manifest_episodes,,,,,,,,,,,,,
heuristic,test,head_on_corridor,high,INVALID_RESET,5,5,0,5,5,0,0.0,manifest_episodes,,,,,,,,,,,,,
heuristic,test,head_on_corridor,low,GOAL_REACHED,5,5,0,5,5,3,0.6,valid_episodes,95.9928,95.9928,0.9798661864711743,21.43583871050131,0.7975370360252568,0.05078094820914866,3.5408999999999993,1.0,1.0,1.0,8.336100000000005,0.09328383116653986,0.23022617567693382
heuristic,test,head_on_corridor,low,COLLISION,5,5,0,5,5,0,0.0,valid_episodes,,,,,,,,,,,,,
heuristic,test,head_on_corridor,low,TIMEOUT,5,5,0,5,5,0,0.0,valid_episodes,,,,,,,,,,,,,
heuristic,test,head_on_corridor,low,PLANNER_FAILURE,5,5,0,5,5,2,0.4,valid_episodes,70.94565,70.94565,0.0,7.576576788281194,0.7166227778206498,0.6058130060341815,42.4242,1.5,1.0,0.0,45.2214,0.6483145891640325,0.028919519573782564
heuristic,test,head_on_corridor,low,SIMULATOR_FAILURE,5,5,0,5,5,0,0.0,manifest_episodes,,,,,,,,,,,,,
heuristic,test,head_on_corridor,low,INVALID_RESET,5,5,0,5,5,0,0.0,manifest_episodes,,,,,,,,,,,,,
heuristic,test,head_on_corridor,medium,GOAL_REACHED,5,5,0,5,5,5,1.0,valid_episodes,99.16074,99.16074,0.9761158003732273,21.50045342943502,0.821216315359487,0.08620519930676591,6.227099999999998,2.2,1.2,1.0,11.854799999999997,0.14039128925003283,0.2180365252260676
heuristic,test,head_on_corridor,medium,COLLISION,5,5,0,5,5,0,0.0,valid_episodes,,,,,,,,,,,,,
heuristic,test,head_on_corridor,medium,TIMEOUT,5,5,0,5,5,0,0.0,valid_episodes,,,,,,,,,,,,,
heuristic,test,head_on_corridor,medium,PLANNER_FAILURE,5,5,0,5,5,0,0.0,valid_episodes,,,,,,,,,,,,,
heuristic,test,head_on_corridor,medium,SIMULATOR_FAILURE,5,5,0,5,5,0,0.0,manifest_episodes,,,,,,,,,,,,,
heuristic,test,head_on_corridor,medium,INVALID_RESET,5,5,0,5,5,0,0.0,manifest_episodes,,,,,,,,,,,,,
heuristic,test,opposite_streams,high,GOAL_REACHED,5,5,0,5,5,3,0.6,valid_episodes,94.0281,94.0281,0.9865306688300115,21.204936938775244,0.9118964093672263,0.09306581120101365,2.120099999999997,0.6666666666666666,1.6666666666666667,0.6666666666666666,8.4915,0.10357446633609459,0.2635406954674434
heuristic,test,opposite_streams,high,COLLISION,5,5,0,5,5,0,0.0,valid_episodes,,,,,,,,,,,,,
heuristic,test,opposite_streams,high,TIMEOUT,5,5,0,5,5,0,0.0,valid_episodes,,,,,,,,,,,,,
heuristic,test,opposite_streams,high,PLANNER_FAILURE,5,5,0,5,5,2,0.4,valid_episodes,70.263,70.263,0.0,8.661140341233711,0.7162338742281212,0.53579739442947,34.99830000000001,2.0,1.0,0.0,45.271350000000005,0.6450359389038635,0.25048711380117594
heuristic,test,opposite_streams,high,SIMULATOR_FAILURE,5,5,0,5,5,0,0.0,manifest_episodes,,,,,,,,,,,,,
heuristic,test,opposite_streams,high,INVALID_RESET,5,5,0,5,5,0,0.0,manifest_episodes,,,,,,,,,,,,,
heuristic,test,opposite_streams,low,GOAL_REACHED,5,5,0,5,5,5,1.0,valid_episodes,98.96094000000001,98.96094000000001,0.9695827078201317,21.664094631307446,0.9439933823970528,0.03366189609203125,1.0722600000000013,0.6,1.8,1.0,11.128860000000001,0.13821052424087332,0.3989596558922707
heuristic,test,opposite_streams,low,COLLISION,5,5,0,5,5,0,0.0,valid_episodes,,,,,,,,,,,,,
heuristic,test,opposite_streams,low,TIMEOUT,5,5,0,5,5,0,0.0,valid_episodes,,,,,,,,,,,,,
heuristic,test,opposite_streams,low,PLANNER_FAILURE,5,5,0,5,5,0,0.0,valid_episodes,,,,,,,,,,,,,
heuristic,test,opposite_streams,low,SIMULATOR_FAILURE,5,5,0,5,5,0,0.0,manifest_episodes,,,,,,,,,,,,,
heuristic,test,opposite_streams,low,INVALID_RESET,5,5,0,5,5,0,0.0,manifest_episodes,,,,,,,,,,,,,
heuristic,test,opposite_streams,medium,GOAL_REACHED,5,5,0,5,5,5,1.0,valid_episodes,102.37086,102.37086,0.9630615600932046,21.789792746078113,0.9257393464233411,0.12578224000514387,8.105220000000001,1.6,2.4,0.9142857142857143,14.352300000000003,0.15307802012672522,0.22070888471252106
heuristic,test,opposite_streams,medium,COLLISION,5,5,0,5,5,0,0.0,valid_episodes,,,,,,,,,,,,,
heuristic,test,opposite_streams,medium,TIMEOUT,5,5,0,5,5,0,0.0,valid_episodes,,,,,,,,,,,,,
heuristic,test,opposite_streams,medium,PLANNER_FAILURE,5,5,0,5,5,0,0.0,valid_episodes,,,,,,,,,,,,,
heuristic,test,opposite_streams,medium,SIMULATOR_FAILURE,5,5,0,5,5,0,0.0,manifest_episodes,,,,,,,,,,,,,
heuristic,test,opposite_streams,medium,INVALID_RESET,5,5,0,5,5,0,0.0,manifest_episodes,,,,,,,,,,,,,
heuristic,test,overtaking,high,GOAL_REACHED,5,5,0,5,5,5,1.0,valid_episodes,102.59729999999999,102.59729999999999,0.945433276272351,22.2187527443032,1.0352902155551873,0.19528815418019368,0.0,0.0,2.6,1.0,16.0839,0.1719258320472391,0.4646404613553818
heuristic,test,overtaking,high,COLLISION,5,5,0,5,5,0,0.0,valid_episodes,,,,,,,,,,,,,
heuristic,test,overtaking,high,TIMEOUT,5,5,0,5,5,0,0.0,valid_episodes,,,,,,,,,,,,,
heuristic,test,overtaking,high,PLANNER_FAILURE,5,5,0,5,5,0,0.0,valid_episodes,,,,,,,,,,,,,
heuristic,test,overtaking,high,SIMULATOR_FAILURE,5,5,0,5,5,0,0.0,manifest_episodes,,,,,,,,,,,,,
heuristic,test,overtaking,high,INVALID_RESET,5,5,0,5,5,0,0.0,manifest_episodes,,,,,,,,,,,,,
heuristic,test,overtaking,low,GOAL_REACHED,5,5,0,5,5,5,1.0,valid_episodes,95.99058,95.99058,1.0,20.765053804089447,0.9600403248047564,0.23776924059695453,17.036279999999998,9.8,9.8,0.0,9.190799999999976,0.10350028384585701,0.0006495292117046821
heuristic,test,overtaking,low,COLLISION,5,5,0,5,5,0,0.0,valid_episodes,,,,,,,,,,,,,
heuristic,test,overtaking,low,TIMEOUT,5,5,0,5,5,0,0.0,valid_episodes,,,,,,,,,,,,,
heuristic,test,overtaking,low,PLANNER_FAILURE,5,5,0,5,5,0,0.0,valid_episodes,,,,,,,,,,,,,
heuristic,test,overtaking,low,SIMULATOR_FAILURE,5,5,0,5,5,0,0.0,manifest_episodes,,,,,,,,,,,,,
heuristic,test,overtaking,low,INVALID_RESET,5,5,0,5,5,0,0.0,manifest_episodes,,,,,,,,,,,,,
heuristic,test,overtaking,medium,GOAL_REACHED,5,5,0,5,5,4,0.8,valid_episodes,98.8011,98.8011,0.9586987896231397,21.845800421540627,0.93376679122003,0.2228266801967534,8.741250000000006,4.0,5.0,0.5555555555555555,11.213775000000014,0.15466818759246745,0.27893555795677594
heuristic,test,overtaking,medium,COLLISION,5,5,0,5,5,0,0.0,valid_episodes,,,,,,,,,,,,,
heuristic,test,overtaking,medium,TIMEOUT,5,5,0,5,5,0,0.0,valid_episodes,,,,,,,,,,,,,
heuristic,test,overtaking,medium,PLANNER_FAILURE,5,5,0,5,5,1,0.2,valid_episodes,116.78310000000002,116.78310000000002,0.0,14.613661276228148,0.728263619501967,0.7368120901055032,79.22070000000005,34.0,32.0,0.0,61.438500000000055,0.5640148274878819,0.17027335242249336
heuristic,test,overtaking,medium,SIMULATOR_FAILURE,5,5,0,5,5,0,0.0,manifest_episodes,,,,,,,,,,,,,
heuristic,test,overtaking,medium,INVALID_RESET,5,5,0,5,5,0,0.0,manifest_episodes,,,,,,,,,,,,,
heuristic,test,temporary_blockage,high,GOAL_REACHED,5,5,0,5,5,4,0.8,valid_episodes,104.74515,104.74515,0.8523881724631872,20.079205659606657,0.8611377416133411,0.4349242519944292,24.084225,7.0,6.0,0.4212121212121212,28.746225000000003,0.2657843046827054,0.49192145990794794
heuristic,test,temporary_blockage,high,COLLISION,5,5,0,5,5,0,0.0,valid_episodes,,,,,,,,,,,,,
heuristic,test,temporary_blockage,high,TIMEOUT,5,5,0,5,5,0,0.0,valid_episodes,,,,,,,,,,,,,
heuristic,test,temporary_blockage,high,PLANNER_FAILURE,5,5,0,5,5,1,0.2,valid_episodes,157.47570000000002,157.47570000000002,0.0,14.481838407285096,0.7975526565264666,0.7762740537111441,99.46709999999999,18.0,14.0,0.42857142857142855,111.88800000000003,0.729541129202791,0.3576526415667125
heuristic,test,temporary_blockage,high,SIMULATOR_FAILURE,5,5,0,5,5,0,0.0,manifest_episodes,,,,,,,,,,,,,
heuristic,test,temporary_blockage,high,INVALID_RESET,5,5,0,5,5,0,0.0,manifest_episodes,,,,,,,,,,,,,
heuristic,test,temporary_blockage,low,GOAL_REACHED,5,5,0,5,5,5,1.0,valid_episodes,88.10514,88.10514,0.9190673181585,18.608881944837044,0.9945757092224905,0.07263254811842464,3.0369599999999997,2.4,2.4,0.625,11.928059999999999,0.14311818872164087,0.49435119214013384
heuristic,test,temporary_blockage,low,COLLISION,5,5,0,5,5,0,0.0,valid_episodes,,,,,,,,,,,,,
heuristic,test,temporary_blockage,low,TIMEOUT,5,5,0,5,5,0,0.0,valid_episodes,,,,,,,,,,,,,
heuristic,test,temporary_blockage,low,PLANNER_FAILURE,5,5,0,5,5,0,0.0,valid_episodes,,,,,,,,,,,,,
heuristic,test,temporary_blockage,low,SIMULATOR_FAILURE,5,5,0,5,5,0,0.0,manifest_episodes,,,,,,,,,,,,,
heuristic,test,temporary_blockage,low,INVALID_RESET,5,5,0,5,5,0,0.0,manifest_episodes,,,,,,,,,,,,,
heuristic,test,temporary_blockage,medium,GOAL_REACHED,5,5,0,5,5,3,0.6,valid_episodes,81.39630000000001,81.39630000000001,0.9593046335924349,17.733229968431644,0.9177171120869,0.1528601593389772,4.9173,1.6666666666666667,1.6666666666666667,0.625,7.459200000000002,0.09792752054103208,0.4794441707762976
heuristic,test,temporary_blockage,medium,COLLISION,5,5,0,5,5,0,0.0,valid_episodes,,,,,,,,,,,,,
heuristic,test,temporary_blockage,medium,TIMEOUT,5,5,0,5,5,1,0.2,valid_episodes,239.9598,239.9598,0.0,17.64584597279452,0.908098832825491,0.6429364418540109,6.393600000000006,8.0,7.0,0.8571428571428571,193.27319999999997,0.8179295031917845,0.5543631754380612
heuristic,test,temporary_blockage,medium,PLANNER_FAILURE,5,5,0,5,5,1,0.2,valid_episodes,108.9576,108.9576,0.0,12.821190135409859,1.0181285664633233,0.561124694376528,0.0,7.0,4.0,0.75,68.23169999999998,0.6262224938875304,0.7054229934701371
heuristic,test,temporary_blockage,medium,SIMULATOR_FAILURE,5,5,0,5,5,0,0.0,manifest_episodes,,,,,,,,,,,,,
heuristic,test,temporary_blockage,medium,INVALID_RESET,5,5,0,5,5,0,0.0,manifest_episodes,,,,,,,,,,,,,
pgrr,test,blind_corner,high,GOAL_REACHED,5,5,0,5,5,3,0.6,valid_episodes,133.57739999999998,133.57739999999998,0.8188011398744329,24.341571263151057,0.7997892284560407,0.24454244869834,27.3171,25.666666666666668,13.333333333333334,0.2509157509157509,49.23960000000002,0.4012559967211113,0.9624631235113003
pgrr,test,blind_corner,high,COLLISION,5,5,0,5,5,0,0.0,valid_episodes,,,,,,,,,,,,,
pgrr,test,blind_corner,high,TIMEOUT,5,5,0,5,5,0,0.0,valid_episodes,,,,,,,,,,,,,
pgrr,test,blind_corner,high,PLANNER_FAILURE,5,5,0,5,5,2,0.4,valid_episodes,117.3825,117.3825,0.0,14.055356535505592,0.7650736085553322,0.6627248001881475,73.24335,11.0,4.5,0.25,71.32859999999998,0.6238074826551552,0.6658043685977548
pgrr,test,blind_corner,high,SIMULATOR_FAILURE,5,5,0,5,5,0,0.0,manifest_episodes,,,,,,,,,,,,,
pgrr,test,blind_corner,high,INVALID_RESET,5,5,0,5,5,0,0.0,manifest_episodes,,,,,,,,,,,,,
pgrr,test,blind_corner,low,GOAL_REACHED,5,5,0,5,5,4,0.8,valid_episodes,123.09345,123.09345,0.8678004839871232,22.977173670998454,1.1598271371301985,0.019663683211282878,1.6483500000000006,19.5,11.25,0.3138888888888889,40.542750000000005,0.3468593463071102,1.1132573167175335
pgrr,test,blind_corner,low,COLLISION,5,5,0,5,5,0,0.0,valid_episodes,,,,,,,,,,,,,
pgrr,test,blind_corner,low,TIMEOUT,5,5,0,5,5,0,0.0,valid_episodes,,,,,,,,,,,,,
pgrr,test,blind_corner,low,PLANNER_FAILURE,5,5,0,5,5,1,0.2,valid_episodes,109.7235,109.7235,0.0,16.13216807947912,1.3562493555959123,0.0,0.0,4.0,2.0,0.0,47.98530000000001,0.49347496206373315,0.5044877624825528
pgrr,test,blind_corner,low,SIMULATOR_FAILURE,5,5,0,5,5,0,0.0,manifest_episodes,,,,,,,,,,,,,
pgrr,test,blind_corner,low,INVALID_RESET,5,5,0,5,5,0,0.0,manifest_episodes,,,,,,,,,,,,,
pgrr,test,blind_corner,medium,GOAL_REACHED,5,5,0,5,5,5,1.0,valid_episodes,119.19402,119.19402,0.8533254894426398,23.3749331001585,0.9574623696341462,0.05410700152242883,2.564099999999999,19.8,9.8,0.1679120879120879,33.04026,0.29473312550796216,1.0369504360412387
pgrr,test,blind_corner,medium,COLLISION,5,5,0,5,5,0,0.0,valid_episodes,,,,,,,,,,,,,
pgrr,test,blind_corner,medium,TIMEOUT,5,5,0,5,5,0,0.0,valid_episodes,,,,,,,,,,,,,
pgrr,test,blind_corner,medium,PLANNER_FAILURE,5,5,0,5,5,0,0.0,valid_episodes,,,,,,,,,,,,,
pgrr,test,blind_corner,medium,SIMULATOR_FAILURE,5,5,0,5,5,0,0.0,manifest_episodes,,,,,,,,,,,,,
pgrr,test,blind_corner,medium,INVALID_RESET,5,5,0,5,5,0,0.0,manifest_episodes,,,,,,,,,,,,,
pgrr,test,crossing_flow,high,GOAL_REACHED,5,5,0,5,5,5,1.0,valid_episodes,102.21767999999999,102.21767999999999,0.919455834984477,22.883920222514263,1.1676763379846298,0.006715885105843011,0.0,0.8,1.6,1.0,10.502819999999998,0.13691755676747314,0.39190083374914453
pgrr,test,crossing_flow,high,COLLISION,5,5,0,5,5,0,0.0,valid_episodes,,,,,,,,,,,,,
pgrr,test,crossing_flow,high,TIMEOUT,5,5,0,5,5,0,0.0,valid_episodes,,,,,,,,,,,,,
pgrr,test,crossing_flow,high,PLANNER_FAILURE,5,5,0,5,5,0,0.0,valid_episodes,,,,,,,,,,,,,
pgrr,test,crossing_flow,high,SIMULATOR_FAILURE,5,5,0,5,5,0,0.0,manifest_episodes,,,,,,,,,,,,,
pgrr,test,crossing_flow,high,INVALID_RESET,5,5,0,5,5,0,0.0,manifest_episodes,,,,,,,,,,,,,
pgrr,test,crossing_flow,low,GOAL_REACHED,5,5,0,5,5,4,0.8,valid_episodes,103.8627,103.8627,0.9108566808099274,23.097162147023667,0.884008498006024,0.07489253837623944,6.343650000000002,1.5,1.5,0.625,11.147175000000004,0.1318140114897223,0.41774386310430656
pgrr,test,crossing_flow,low,COLLISION,5,5,0,5,5,0,0.0,valid_episodes,,,,,,,,,,,,,
pgrr,test,crossing_flow,low,TIMEOUT,5,5,0,5,5,1,0.2,valid_episodes,239.9265,239.9265,0.0,6.8817949295043945,0.7210415691631284,0.8941013185287994,213.7194,2.0,2.0,0.0,212.6205,0.8866065232477446,5.636860329680544e-09
pgrr,test,crossing_flow,low,PLANNER_FAILURE,5,5,0,5,5,0,0.0,valid_episodes,,,,,,,,,,,,,
pgrr,test,crossing_flow,low,SIMULATOR_FAILURE,5,5,0,5,5,0,0.0,manifest_episodes,,,,,,,,,,,,,
pgrr,test,crossing_flow,low,INVALID_RESET,5,5,0,5,5,0,0.0,manifest_episodes,,,,,,,,,,,,,
pgrr,test,crossing_flow,medium,GOAL_REACHED,5,5,0,5,5,5,1.0,valid_episodes,100.13976,100.13976,0.9293036921543457,22.60987024245294,1.1025333603034873,0.020387377027476276,0.319680000000001,1.0,1.0,1.0,8.464860000000003,0.10961808417048771,0.2756367486869116
pgrr,test,crossing_flow,medium,COLLISION,5,5,0,5,5,0,0.0,valid_episodes,,,,,,,,,,,,,
pgrr,test,crossing_flow,medium,TIMEOUT,5,5,0,5,5,0,0.0,valid_episodes,,,,,,,,,,,,,
pgrr,test,crossing_flow,medium,PLANNER_FAILURE,5,5,0,5,5,0,0.0,valid_episodes,,,,,,,,,,,,,
pgrr,test,crossing_flow,medium,SIMULATOR_FAILURE,5,5,0,5,5,0,0.0,manifest_episodes,,,,,,,,,,,,,
pgrr,test,crossing_flow,medium,INVALID_RESET,5,5,0,5,5,0,0.0,manifest_episodes,,,,,,,,,,,,,
pgrr,test,doorway_bottleneck,high,GOAL_REACHED,5,5,0,5,5,5,1.0,valid_episodes,106.40015999999999,106.40015999999999,0.8281890070511654,20.588055438021648,0.897412695819753,0.11262902323016744,8.051940000000004,1.8,1.6,1.0,31.162139999999994,0.30686521182459886,0.45869310958440856
pgrr,test,doorway_bottleneck,high,COLLISION,5,5,0,5,5,0,0.0,valid_episodes,,,,,,,,,,,,,
pgrr,test,doorway_bottleneck,high,TIMEOUT,5,5,0,5,5,0,0.0,valid_episodes,,,,,,,,,,,,,
pgrr,test,doorway_bottleneck,high,PLANNER_FAILURE,5,5,0,5,5,0,0.0,valid_episodes,,,,,,,,,,,,,
pgrr,test,doorway_bottleneck,high,SIMULATOR_FAILURE,5,5,0,5,5,0,0.0,manifest_episodes,,,,,,,,,,,,,
pgrr,test,doorway_bottleneck,high,INVALID_RESET,5,5,0,5,5,0,0.0,manifest_episodes,,,,,,,,,,,,,
pgrr,test,doorway_bottleneck,low,GOAL_REACHED,5,5,0,5,5,5,1.0,valid_episodes,86.98626,86.98626,0.9136779989069451,18.668948023126166,0.8285142085736567,0.061923982569284296,3.7695599999999994,1.0,1.0,1.0,13.37994,0.17794336650944534,0.30594252210987816
pgrr,test,doorway_bottleneck,low,COLLISION,5,5,0,5,5,0,0.0,valid_episodes,,,,,,,,,,,,,
pgrr,test,doorway_bottleneck,low,TIMEOUT,5,5,0,5,5,0,0.0,valid_episodes,,,,,,,,,,,,,
pgrr,test,doorway_bottleneck,low,PLANNER_FAILURE,5,5,0,5,5,0,0.0,valid_episodes,,,,,,,,,,,,,
pgrr,test,doorway_bottleneck,low,SIMULATOR_FAILURE,5,5,0,5,5,0,0.0,manifest_episodes,,,,,,,,,,,,,
pgrr,test,doorway_bottleneck,low,INVALID_RESET,5,5,0,5,5,0,0.0,manifest_episodes,,,,,,,,,,,,,
pgrr,test,doorway_bottleneck,medium,GOAL_REACHED,5,5,0,5,5,3,0.6,valid_episodes,91.9635,91.9635,0.8749910218428211,19.425834398456644,0.8833709131680251,0.06518352757961206,4.328999999999996,1.3333333333333333,2.3333333333333335,0.7777777777777778,19.524900000000006,0.23855373078528952,0.3278440698084937
pgrr,test,doorway_bottleneck,medium,COLLISION,5,5,0,5,5,0,0.0,valid_episodes,,,,,,,,,,,,,
pgrr,test,doorway_bottleneck,medium,TIMEOUT,5,5,0,5,5,0,0.0,valid_episodes,,,,,,,,,,,,,
pgrr,test,doorway_bottleneck,medium,PLANNER_FAILURE,5,5,0,5,5,2,0.4,valid_episodes,60.589349999999996,60.589349999999996,0.0,4.869064517448589,0.7212291807855624,0.654095517673869,39.04425,1.0,1.0,0.0,45.25469999999999,0.7469437449704327,0.11275925075663089
pgrr,test,doorway_bottleneck,medium,SIMULATOR_FAILURE,5,5,0,5,5,0,0.0,manifest_episodes,,,,,,,,,,,,,
pgrr,test,doorway_bottleneck,medium,INVALID_RESET,5,5,0,5,5,0,0.0,manifest_episodes,,,,,,,,,,,,,
pgrr,test,group_blocking,high,GOAL_REACHED,5,5,0,5,5,5,1.0,valid_episodes,88.06518,88.06518,1.0,20.795870208740233,1.0300589131521565,0.06297207581816136,1.1188799999999985,0.0,0.0,,0.0,0.039956231767795045,3.754690004051551e-08
pgrr,test,group_blocking,high,COLLISION,5,5,0,5,5,0,0.0,valid_episodes,,,,,,,,,,,,,
pgrr,test,group_blocking,high,TIMEOUT,5,5,0,5,5,0,0.0,valid_episodes,,,,,,,,,,,,,
pgrr,test,group_blocking,high,PLANNER_FAILURE,5,5,0,5,5,0,0.0,valid_episodes,,,,,,,,,,,,,
pgrr,test,group_blocking,high,SIMULATOR_FAILURE,5,5,0,5,5,0,0.0,manifest_episodes,,,,,,,,,,,,,
pgrr,test,group_blocking,high,INVALID_RESET,5,5,0,5,5,0,0.0,manifest_episodes,,,,,,,,,,,,,
pgrr,test,group_blocking,low,GOAL_REACHED,5,5,0,5,5,5,1.0,valid_episodes,88.0452,88.0452,1.0,20.76660171779151,1.030105122088878,0.0592757185957174,1.3719600000000014,0.4,0.4,0.0,0.19979999999999903,0.023063374236049032,0.0009767005778104194
pgrr,test,group_blocking,low,COLLISION,5,5,0,5,5,0,0.0,valid_episodes,,,,,,,,,,,,,
pgrr,test,group_blocking,low,TIMEOUT,5,5,0,5,5,0,0.0,valid_episodes,,,,,,,,,,,,,
pgrr,test,group_blocking,low,PLANNER_FAILURE,5,5,0,5,5,0,0.0,valid_episodes,,,,,,,,,,,,,
pgrr,test,group_blocking,low,SIMULATOR_FAILURE,5,5,0,5,5,0,0.0,manifest_episodes,,,,,,,,,,,,,
pgrr,test,group_blocking,low,INVALID_RESET,5,5,0,5,5,0,0.0,manifest_episodes,,,,,,,,,,,,,
pgrr,test,group_blocking,medium,GOAL_REACHED,5,5,0,5,5,5,1.0,valid_episodes,88.10514,88.10514,1.0,20.776603906269873,1.0300552222539534,0.06559556250391806,1.2986999999999995,0.4,0.4,0.0,0.19979999999999903,0.0270760264507878,3.900517550229278e-08
pgrr,test,group_blocking,medium,COLLISION,5,5,0,5,5,0,0.0,valid_episodes,,,,,,,,,,,,,
pgrr,test,group_blocking,medium,TIMEOUT,5,5,0,5,5,0,0.0,valid_episodes,,,,,,,,,,,,,
pgrr,test,group_blocking,medium,PLANNER_FAILURE,5,5,0,5,5,0,0.0,valid_episodes,,,,,,,,,,,,,
pgrr,test,group_blocking,medium,SIMULATOR_FAILURE,5,5,0,5,5,0,0.0,manifest_episodes,,,,,,,,,,,,,
pgrr,test,group_blocking,medium,INVALID_RESET,5,5,0,5,5,0,0.0,manifest_episodes,,,,,,,,,,,,,
pgrr,test,head_on_corridor,high,GOAL_REACHED,5,5,0,5,5,5,1.0,valid_episodes,104.97492,104.97492,0.9419697548532717,22.321326753950018,0.7933919910814229,0.10184206484795992,7.712280000000004,2.4,2.0,1.0,16.52346,0.1943435337143376,0.4502625874411833
pgrr,test,head_on_corridor,high,COLLISION,5,5,0,5,5,0,0.0,valid_episodes,,,,,,,,,,,,,
pgrr,test,head_on_corridor,high,TIMEOUT,5,5,0,5,5,0,0.0,valid_episodes,,,,,,,,,,,,,
pgrr,test,head_on_corridor,high,PLANNER_FAILURE,5,5,0,5,5,0,0.0,valid_episodes,,,,,,,,,,,,,
pgrr,test,head_on_corridor,high,SIMULATOR_FAILURE,5,5,0,5,5,0,0.0,manifest_episodes,,,,,,,,,,,,,
pgrr,test,head_on_corridor,high,INVALID_RESET,5,5,0,5,5,0,0.0,manifest_episodes,,,,,,,,,,,,,
pgrr,test,head_on_corridor,low,GOAL_REACHED,5,5,0,5,5,5,1.0,valid_episodes,94.91832,94.91832,0.9887689232189831,21.224477263813736,0.8172225480037761,0.05229646249244966,3.71628,1.0,1.0,1.0,8.29836,0.13366835400059227,0.4391405174697704
pgrr,test,head_on_corridor,low,COLLISION,5,5,0,5,5,0,0.0,valid_episodes,,,,,,,,,,,,,
pgrr,test,head_on_corridor,low,TIMEOUT,5,5,0,5,5,0,0.0,valid_episodes,,,,,,,,,,,,,
pgrr,test,head_on_corridor,low,PLANNER_FAILURE,5,5,0,5,5,0,0.0,valid_episodes,,,,,,,,,,,,,
pgrr,test,head_on_corridor,low,SIMULATOR_FAILURE,5,5,0,5,5,0,0.0,manifest_episodes,,,,,,,,,,,,,
pgrr,test,head_on_corridor,low,INVALID_RESET,5,5,0,5,5,0,0.0,manifest_episodes,,,,,,,,,,,,,
pgrr,test,head_on_corridor,medium,GOAL_REACHED,5,5,0,5,5,5,1.0,valid_episodes,107.49906000000001,107.49906000000001,0.914264648004082,23.16768366681621,0.86710842556997,0.055689306886289,4.275719999999998,0.8,1.6,1.0,17.642339999999997,0.1753631266826036,0.4913848932055469
pgrr,test,head_on_corridor,medium,COLLISION,5,5,0,5,5,0,0.0,valid_episodes,,,,,,,,,,,,,
pgrr,test,head_on_corridor,medium,TIMEOUT,5,5,0,5,5,0,0.0,valid_episodes,,,,,,,,,,,,,
pgrr,test,head_on_corridor,medium,PLANNER_FAILURE,5,5,0,5,5,0,0.0,valid_episodes,,,,,,,,,,,,,
pgrr,test,head_on_corridor,medium,SIMULATOR_FAILURE,5,5,0,5,5,0,0.0,manifest_episodes,,,,,,,,,,,,,
pgrr,test,head_on_corridor,medium,INVALID_RESET,5,5,0,5,5,0,0.0,manifest_episodes,,,,,,,,,,,,,
pgrr,test,opposite_streams,high,GOAL_REACHED,5,5,0,5,5,5,1.0,valid_episodes,99.04751999999999,99.04751999999999,0.9551542695062547,22.007528219871155,0.9211945999761427,0.06532607365461766,3.336659999999996,1.0,2.4,0.7166666666666666,12.187800000000003,0.1456342771150588,0.3709071967916836
pgrr,test,opposite_streams,high,COLLISION,5,5,0,5,5,0,0.0,valid_episodes,,,,,,,,,,,,,
pgrr,test,opposite_streams,high,TIMEOUT,5,5,0,5,5,0,0.0,valid_episodes,,,,,,,,,,,,,
pgrr,test,opposite_streams,high,PLANNER_FAILURE,5,5,0,5,5,0,0.0,valid_episodes,,,,,,,,,,,,,
pgrr,test,opposite_streams,high,SIMULATOR_FAILURE,5,5,0,5,5,0,0.0,manifest_episodes,,,,,,,,,,,,,
pgrr,test,opposite_streams,high,INVALID_RESET,5,5,0,5,5,0,0.0,manifest_episodes,,,,,,,,,,,,,
pgrr,test,opposite_streams,low,GOAL_REACHED,5,5,0,5,5,5,1.0,valid_episodes,94.85838000000001,94.85838000000001,0.9790764374971583,21.415558612958566,1.0032055851636694,0.028358581085940304,0.6193799999999982,0.0,1.2,1.0,9.383939999999999,0.12004561549517612,0.22219176499931806
pgrr,test,opposite_streams,low,COLLISION,5,5,0,5,5,0,0.0,valid_episodes,,,,,,,,,,,,,
pgrr,test,opposite_streams,low,TIMEOUT,5,5,0,5,5,0,0.0,valid_episodes,,,,,,,,,,,,,
pgrr,test,opposite_streams,low,PLANNER_FAILURE,5,5,0,5,5,0,0.0,valid_episodes,,,,,,,,,,,,,
pgrr,test,opposite_streams,low,SIMULATOR_FAILURE,5,5,0,5,5,0,0.0,manifest_episodes,,,,,,,,,,,,,
pgrr,test,opposite_streams,low,INVALID_RESET,5,5,0,5,5,0,0.0,manifest_episodes,,,,,,,,,,,,,
pgrr,test,opposite_streams,medium,GOAL_REACHED,5,5,0,5,5,5,1.0,valid_episodes,95.7375,95.7375,0.9800436743655684,21.409171428102702,0.9048507390699058,0.07674338363490676,4.1625,1.4,2.6,0.6900000000000001,10.789199999999997,0.1494484571723615,0.29213272215240327
pgrr,test,opposite_streams,medium,COLLISION,5,5,0,5,5,0,0.0,valid_episodes,,,,,,,,,,,,,
pgrr,test,opposite_streams,medium,TIMEOUT,5,5,0,5,5,0,0.0,valid_episodes,,,,,,,,,,,,,
pgrr,test,opposite_streams,medium,PLANNER_FAILURE,5,5,0,5,5,0,0.0,valid_episodes,,,,,,,,,,,,,
pgrr,test,opposite_streams,medium,SIMULATOR_FAILURE,5,5,0,5,5,0,0.0,manifest_episodes,,,,,,,,,,,,,
pgrr,test,opposite_streams,medium,INVALID_RESET,5,5,0,5,5,0,0.0,manifest_episodes,,,,,,,,,,,,,
pgrr,test,overtaking,high,GOAL_REACHED,5,5,0,5,5,5,1.0,valid_episodes,147.80537999999999,147.80537999999999,0.7097850107671617,30.455388925783005,1.0321443566064012,0.15221082202826372,0.0,0.0,7.4,1.0,40.01328000000001,0.28036016085945537,0.0012963279295246156
pgrr,test,overtaking,high,COLLISION,5,5,0,5,5,0,0.0,valid_episodes,,,,,,,,,,,,,
pgrr,test,overtaking,high,TIMEOUT,5,5,0,5,5,0,0.0,valid_episodes,,,,,,,,,,,,,
pgrr,test,overtaking,high,PLANNER_FAILURE,5,5,0,5,5,0,0.0,valid_episodes,,,,,,,,,,,,,
pgrr,test,overtaking,high,SIMULATOR_FAILURE,5,5,0,5,5,0,0.0,manifest_episodes,,,,,,,,,,,,,
pgrr,test,overtaking,high,INVALID_RESET,5,5,0,5,5,0,0.0,manifest_episodes,,,,,,,,,,,,,
pgrr,test,overtaking,low,GOAL_REACHED,5,5,0,5,5,5,1.0,valid_episodes,95.66423999999999,95.66423999999999,1.0,20.77982154456677,0.96003365020697,0.21395643053555066,15.084900000000001,6.0,6.0,0.0,9.197460000000007,0.10583316084592602,4.167896063576467e-08
pgrr,test,overtaking,low,COLLISION,5,5,0,5,5,0,0.0,valid_episodes,,,,,,,,,,,,,
pgrr,test,overtaking,low,TIMEOUT,5,5,0,5,5,0,0.0,valid_episodes,,,,,,,,,,,,,
pgrr,test,overtaking,low,PLANNER_FAILURE,5,5,0,5,5,0,0.0,valid_episodes,,,,,,,,,,,,,
pgrr,test,overtaking,low,SIMULATOR_FAILURE,5,5,0,5,5,0,0.0,manifest_episodes,,,,,,,,,,,,,
pgrr,test,overtaking,low,INVALID_RESET,5,5,0,5,5,0,0.0,manifest_episodes,,,,,,,,,,,,,
pgrr,test,overtaking,medium,GOAL_REACHED,5,5,0,5,5,5,1.0,valid_episodes,127.55897999999999,127.55897999999999,0.8313169076519188,26.59507377219729,0.9333074766116912,0.23648913650459197,13.466520000000003,8.0,11.2,0.5294117647058824,27.698939999999993,0.20405543703022863,0.09899438851160944
pgrr,test,overtaking,medium,COLLISION,5,5,0,5,5,0,0.0,valid_episodes,,,,,,,,,,,,,
pgrr,test,overtaking,medium,TIMEOUT,5,5,0,5,5,0,0.0,valid_episodes,,,,,,,,,,,,,
pgrr,test,overtaking,medium,PLANNER_FAILURE,5,5,0,5,5,0,0.0,valid_episodes,,,,,,,,,,,,,
pgrr,test,overtaking,medium,SIMULATOR_FAILURE,5,5,0,5,5,0,0.0,manifest_episodes,,,,,,,,,,,,,
pgrr,test,overtaking,medium,INVALID_RESET,5,5,0,5,5,0,0.0,manifest_episodes,,,,,,,,,,,,,
pgrr,test,temporary_blockage,high,GOAL_REACHED,5,5,0,5,5,3,0.6,valid_episodes,113.553,113.553,0.8185099260800669,21.001295233611245,0.8483079744043903,0.3647968323629765,26.584500000000002,10.0,5.0,0.6851851851851851,38.772299999999994,0.33667519744936975,0.5920505263537548
pgrr,test,temporary_blockage,high,COLLISION,5,5,0,5,5,0,0.0,valid_episodes,,,,,,,,,,,,,
pgrr,test,temporary_blockage,high,TIMEOUT,5,5,0,5,5,0,0.0,valid_episodes,,,,,,,,,,,,,
pgrr,test,temporary_blockage,high,PLANNER_FAILURE,5,5,0,5,5,2,0.4,valid_episodes,110.10645,110.10645,0.0,13.704532486927434,0.7967874185308057,0.6113125319514541,41.9247,12.0,6.0,0.4444444444444444,70.27965000000002,0.6456305049399482,0.7411199798143935
pgrr,test,temporary_blockage,high,SIMULATOR_FAILURE,5,5,0,5,5,0,0.0,manifest_episodes,,,,,,,,,,,,,
pgrr,test,temporary_blockage,high,INVALID_RESET,5,5,0,5,5,0,0.0,manifest_episodes,,,,,,,,,,,,,
pgrr,test,temporary_blockage,low,GOAL_REACHED,5,5,0,5,5,4,0.8,valid_episodes,90.00990000000002,90.00990000000002,0.8879286146863357,19.316704563669013,1.1644769107483037,0.02665549968596797,0.0,0.75,1.25,1.0,13.727925000000003,0.15504781359313416,0.5330815305266674
pgrr,test,temporary_blockage,low,COLLISION,5,5,0,5,5,0,0.0,valid_episodes,,,,,,,,,,,,,
pgrr,test,temporary_blockage,low,TIMEOUT,5,5,0,5,5,0,0.0,valid_episodes,,,,,,,,,,,,,
pgrr,test,temporary_blockage,low,PLANNER_FAILURE,5,5,0,5,5,1,0.2,valid_episodes,107.5257,107.5257,0.0,11.529181151690173,1.1288317909721735,0.009290802105915166,0.0,3.0,4.0,0.75,61.97130000000001,0.5800557448126357,0.30820848478041196
pgrr,test,temporary_blockage,low,SIMULATOR_FAILURE,5,5,0,5,5,0,0.0,manifest_episodes,,,,,,,,,,,,,
pgrr,test,temporary_blockage,low,INVALID_RESET,5,5,0,5,5,0,0.0,manifest_episodes,,,,,,,,,,,,,
pgrr,test,temporary_blockage,medium,GOAL_REACHED,5,5,0,5,5,3,0.6,valid_episodes,81.00779999999999,81.00779999999999,0.9474815381343359,17.97184577160966,0.9133903257066437,0.12842091023826072,4.728600000000003,2.0,2.0,0.6,7.670100000000001,0.10811419593195586,0.3885297417199702
pgrr,test,temporary_blockage,medium,COLLISION,5,5,0,5,5,0,0.0,valid_episodes,,,,,,,,,,,,,
pgrr,test,temporary_blockage,medium,TIMEOUT,5,5,0,5,5,1,0.2,valid_episodes,239.9598,239.9598,0.0,16.520056842578285,0.7819966028365515,0.7696364140993616,146.8863,11.0,9.0,0.6666666666666666,192.4407,0.8055786844296419,0.41477113058856374
pgrr,test,temporary_blockage,medium,PLANNER_FAILURE,5,5,0,5,5,1,0.2,valid_episodes,109.72350000000002,109.72350000000002,0.0,12.602774005051671,0.7773035816194417,0.6582701062215479,66.43350000000002,13.0,6.0,0.3333333333333333,70.79580000000004,0.6503793626707135,0.6189896316376554
pgrr,test,temporary_blockage,medium,SIMULATOR_FAILURE,5,5,0,5,5,0,0.0,manifest_episodes,,,,,,,,,,,,,
pgrr,test,temporary_blockage,medium,INVALID_RESET,5,5,0,5,5,0,0.0,manifest_episodes,,,,,,,,,,,,,
standard,test,blind_corner,high,GOAL_REACHED,5,5,0,5,5,1,0.2,valid_episodes,88.0452,88.0452,0.9573398346904467,20.818463102978562,0.7513301774383621,0.13237518910741303,5.760899999999992,0.0,0.0,,0.0,0.0484114977307108,0.9048726931306857
standard,test,blind_corner,high,COLLISION,5,5,0,5,5,4,0.8,valid_episodes,55.81079999999999,55.81079999999999,0.0,13.323469868515826,0.714466815817173,0.14254888092077705,4.145850000000003,0.0,0.0,,0.0,0.057995094940479455,0.9919322249655984
standard,test,blind_corner,high,TIMEOUT,5,5,0,5,5,0,0.0,valid_episodes,,,,,,,,,,,,,
standard,test,blind_corner,high,PLANNER_FAILURE,5,5,0,5,5,0,0.0,valid_episodes,,,,,,,,,,,,,
standard,test,blind_corner,high,SIMULATOR_FAILURE,5,5,0,5,5,0,0.0,manifest_episodes,,,,,,,,,,,,,
standard,test,blind_corner,high,INVALID_RESET,5,5,0,5,5,0,0.0,manifest_episodes,,,,,,,,,,,,,
standard,test,blind_corner,low,GOAL_REACHED,5,5,0,5,5,1,0.2,valid_episodes,87.6456,87.6456,0.9571605166309118,20.822363312338705,1.1507314000330653,0.03191489361702124,0.0,0.0,0.0,,0.0,0.10220364741641291,1.0550693032630172
standard,test,blind_corner,low,COLLISION,5,5,0,5,5,4,0.8,valid_episodes,62.529075000000006,62.529075000000006,0.0,15.010145765575778,1.1711220800025606,0.031975922103751865,0.0,0.0,0.0,,0.0,0.03953355450158155,0.9361150607041762
standard,test,blind_corner,low,TIMEOUT,5,5,0,5,5,0,0.0,valid_episodes,,,,,,,,,,,,,
standard,test,blind_corner,low,PLANNER_FAILURE,5,5,0,5,5,0,0.0,valid_episodes,,,,,,,,,,,,,
standard,test,blind_corner,low,SIMULATOR_FAILURE,5,5,0,5,5,0,0.0,manifest_episodes,,,,,,,,,,,,,
standard,test,blind_corner,low,INVALID_RESET,5,5,0,5,5,0,0.0,manifest_episodes,,,,,,,,,,,,,
standard,test,blind_corner,medium,GOAL_REACHED,5,5,0,5,5,2,0.4,valid_episodes,87.92865,87.92865,0.9570101923602224,20.812975472142455,0.8585283437057508,0.08334538305046624,4.312350000000002,0.0,0.0,,0.0,0.022553627696447122,0.9074042346856165
standard,test,blind_corner,medium,COLLISION,5,5,0,5,5,3,0.6,valid_episodes,63.85830000000001,63.85830000000001,0.0,15.28398767151827,2.886384099171251,0.04066736183524502,1.598399999999998,0.0,0.0,,0.0,0.03343038613584354,0.9764236916278645
standard,test,blind_corner,medium,TIMEOUT,5,5,0,5,5,0,0.0,valid_episodes,,,,,,,,,,,,,
standard,test,blind_corner,medium,PLANNER_FAILURE,5,5,0,5,5,0,0.0,valid_episodes,,,,,,,,,,,,,
standard,test,blind_corner,medium,SIMULATOR_FAILURE,5,5,0,5,5,0,0.0,manifest_episodes,,,,,,,,,,,,,
standard,test,blind_corner,medium,INVALID_RESET,5,5,0,5,5,0,0.0,manifest_episodes,,,,,,,,,,,,,
standard,test,crossing_flow,high,GOAL_REACHED,5,5,0,5,5,3,0.6,valid_episodes,91.5195,91.5195,0.979935523811707,21.362388889958755,0.9735733576403139,0.05209329836576737,1.609500000000003,0.0,0.0,,0.0,0.03721864934157786,0.4600316744674678
standard,test,crossing_flow,high,COLLISION,5,5,0,5,5,2,0.4,valid_episodes,27.772199999999998,27.772199999999998,0.0,6.578714167398028,0.7001032054309773,0.09053274004212467,1.914749999999998,0.0,0.0,,0.0,0.05517752010984024,0.00522276947123037
standard,test,crossing_flow,high,TIMEOUT,5,5,0,5,5,0,0.0,valid_episodes,,,,,,,,,,,,,
standard,test,crossing_flow,high,PLANNER_FAILURE,5,5,0,5,5,0,0.0,valid_episodes,,,,,,,,,,,,,
standard,test,crossing_flow,high,SIMULATOR_FAILURE,5,5,0,5,5,0,0.0,manifest_episodes,,,,,,,,,,,,,
standard,test,crossing_flow,high,INVALID_RESET,5,5,0,5,5,0,0.0,manifest_episodes,,,,,,,,,,,,,
standard,test,crossing_flow,low,GOAL_REACHED,5,5,0,5,5,5,1.0,valid_episodes,93.46644,93.46644,0.9585725266522325,22.011718866252856,0.8078529440618718,0.08243724247416358,4.935060000000003,0.0,0.0,,0.0,0.042927047187310476,0.14782893090494365
standard,test,crossing_flow,low,COLLISION,5,5,0,5,5,0,0.0,valid_episodes,,,,,,,,,,,,,
standard,test,crossing_flow,low,TIMEOUT,5,5,0,5,5,0,0.0,valid_episodes,,,,,,,,,,,,,
standard,test,crossing_flow,low,PLANNER_FAILURE,5,5,0,5,5,0,0.0,valid_episodes,,,,,,,,,,,,,
standard,test,crossing_flow,low,SIMULATOR_FAILURE,5,5,0,5,5,0,0.0,manifest_episodes,,,,,,,,,,,,,
standard,test,crossing_flow,low,INVALID_RESET,5,5,0,5,5,0,0.0,manifest_episodes,,,,,,,,,,,,,
standard,test,crossing_flow,medium,GOAL_REACHED,5,5,0,5,5,0,0.0,valid_episodes,,,,,,,,,,,,,
standard,test,crossing_flow,medium,COLLISION,5,5,0,5,5,5,1.0,valid_episodes,26.36694,26.36694,0.0,6.243982734744947,0.6900787420522618,0.08162371995554171,1.3186800000000005,0.0,0.0,,0.0,0.04272639114009789,0.16293770039614378
standard,test,crossing_flow,medium,TIMEOUT,5,5,0,5,5,0,0.0,valid_episodes,,,,,,,,,,,,,
standard,test,crossing_flow,medium,PLANNER_FAILURE,5,5,0,5,5,0,0.0,valid_episodes,,,,,,,,,,,,,
standard,test,crossing_flow,medium,SIMULATOR_FAILURE,5,5,0,5,5,0,0.0,manifest_episodes,,,,,,,,,,,,,
standard,test,crossing_flow,medium,INVALID_RESET,5,5,0,5,5,0,0.0,manifest_episodes,,,,,,,,,,,,,
standard,test,doorway_bottleneck,high,GOAL_REACHED,5,5,0,5,5,5,1.0,valid_episodes,71.70822000000001,71.70822000000001,1.0,16.85487086133984,0.8220665091894347,0.14898579982507051,8.10522,0.0,0.0,,0.0,0.03734499054087415,3.6119509109078495e-08
standard,test,doorway_bottleneck,high,COLLISION,5,5,0,5,5,0,0.0,valid_episodes,,,,,,,,,,,,,
standard,test,doorway_bottleneck,high,TIMEOUT,5,5,0,5,5,0,0.0,valid_episodes,,,,,,,,,,,,,
standard,test,doorway_bottleneck,high,PLANNER_FAILURE,5,5,0,5,5,0,0.0,valid_episodes,,,,,,,,,,,,,
standard,test,doorway_bottleneck,high,SIMULATOR_FAILURE,5,5,0,5,5,0,0.0,manifest_episodes,,,,,,,,,,,,,
standard,test,doorway_bottleneck,high,INVALID_RESET,5,5,0,5,5,0,0.0,manifest_episodes,,,,,,,,,,,,,
standard,test,doorway_bottleneck,low,GOAL_REACHED,5,5,0,5,5,3,0.6,valid_episodes,71.58390000000001,71.58390000000001,1.0,16.818421681722004,0.7910375185038264,0.05133233018873947,2.6973000000000007,0.0,0.0,,0.0,0.0368428520399403,3.685184478693502e-08
standard,test,doorway_bottleneck,low,COLLISION,5,5,0,5,5,2,0.4,valid_episodes,19.8468,19.8468,0.0,4.6639275639461095,0.7090657912976424,0.10533034619774286,1.6983000000000033,0.0,0.0,,0.0,0.0,0.03504048319686634
standard,test,doorway_bottleneck,low,TIMEOUT,5,5,0,5,5,0,0.0,valid_episodes,,,,,,,,,,,,,
standard,test,doorway_bottleneck,low,PLANNER_FAILURE,5,5,0,5,5,0,0.0,valid_episodes,,,,,,,,,,,,,
standard,test,doorway_bottleneck,low,SIMULATOR_FAILURE,5,5,0,5,5,0,0.0,manifest_episodes,,,,,,,,,,,,,
standard,test,doorway_bottleneck,low,INVALID_RESET,5,5,0,5,5,0,0.0,manifest_episodes,,,,,,,,,,,,,
standard,test,doorway_bottleneck,medium,GOAL_REACHED,5,5,0,5,5,4,0.8,valid_episodes,72.44415000000001,72.44415000000001,0.9997929565436487,16.924909882539026,0.7518024334971366,0.08697613313874866,5.111549999999999,0.0,0.0,,0.0,0.020144963840256273,0.19015598606343695
standard,test,doorway_bottleneck,medium,COLLISION,5,5,0,5,5,1,0.2,valid_episodes,20.346300000000003,20.346300000000003,0.0,4.733068466186523,0.706870089683345,0.08837970540098206,1.3986000000000018,0.0,0.0,,0.0,0.05891980360065458,4.9808244066464263e-08
standard,test,doorway_bottleneck,medium,TIMEOUT,5,5,0,5,5,0,0.0,valid_episodes,,,,,,,,,,,,,
standard,test,doorway_bottleneck,medium,PLANNER_FAILURE,5,5,0,5,5,0,0.0,valid_episodes,,,,,,,,,,,,,
standard,test,doorway_bottleneck,medium,SIMULATOR_FAILURE,5,5,0,5,5,0,0.0,manifest_episodes,,,,,,,,,,,,,
standard,test,doorway_bottleneck,medium,INVALID_RESET,5,5,0,5,5,0,0.0,manifest_episodes,,,,,,,,,,,,,
standard,test,group_blocking,high,GOAL_REACHED,5,5,0,5,5,5,1.0,valid_episodes,88.6779,88.6779,1.0,20.84700269827775,1.0300767658035177,0.06236670039250913,1.1188799999999985,0.0,0.0,,0.0,0.039698747661760736,3.769349332545359e-08
standard,test,group_blocking,high,COLLISION,5,5,0,5,5,0,0.0,valid_episodes,,,,,,,,,,,,,
standard,test,group_blocking,high,TIMEOUT,5,5,0,5,5,0,0.0,valid_episodes,,,,,,,,,,,,,
standard,test,group_blocking,high,PLANNER_FAILURE,5,5,0,5,5,0,0.0,valid_episodes,,,,,,,,,,,,,
standard,test,group_blocking,high,SIMULATOR_FAILURE,5,5,0,5,5,0,0.0,manifest_episodes,,,,,,,,,,,,,
standard,test,group_blocking,high,INVALID_RESET,5,5,0,5,5,0,0.0,manifest_episodes,,,,,,,,,,,,,
standard,test,group_blocking,low,GOAL_REACHED,5,5,0,5,5,5,1.0,valid_episodes,88.73118,88.73118,1.0,20.878768599873858,1.0301257566762296,0.055572446278888674,1.1188800000000014,0.0,0.0,,0.0,0.009002600059173449,3.574326148144433e-08
standard,test,group_blocking,low,COLLISION,5,5,0,5,5,0,0.0,valid_episodes,,,,,,,,,,,,,
standard,test,group_blocking,low,TIMEOUT,5,5,0,5,5,0,0.0,valid_episodes,,,,,,,,,,,,,
standard,test,group_blocking,low,PLANNER_FAILURE,5,5,0,5,5,0,0.0,valid_episodes,,,,,,,,,,,,,
standard,test,group_blocking,low,SIMULATOR_FAILURE,5,5,0,5,5,0,0.0,manifest_episodes,,,,,,,,,,,,,
standard,test,group_blocking,low,INVALID_RESET,5,5,0,5,5,0,0.0,manifest_episodes,,,,,,,,,,,,,
standard,test,group_blocking,medium,GOAL_REACHED,5,5,0,5,5,5,1.0,valid_episodes,88.91766,88.91766,1.0,20.894061318540103,1.0300626637259265,0.0629854695976074,1.1188800000000014,0.0,0.0,,0.0,0.028163204099314287,0.0028922831615003763
standard,test,group_blocking,medium,COLLISION,5,5,0,5,5,0,0.0,valid_episodes,,,,,,,,,,,,,
standard,test,group_blocking,medium,TIMEOUT,5,5,0,5,5,0,0.0,valid_episodes,,,,,,,,,,,,,
standard,test,group_blocking,medium,PLANNER_FAILURE,5,5,0,5,5,0,0.0,valid_episodes,,,,,,,,,,,,,
standard,test,group_blocking,medium,SIMULATOR_FAILURE,5,5,0,5,5,0,0.0,manifest_episodes,,,,,,,,,,,,,
standard,test,group_blocking,medium,INVALID_RESET,5,5,0,5,5,0,0.0,manifest_episodes,,,,,,,,,,,,,
standard,test,head_on_corridor,high,GOAL_REACHED,5,5,0,5,5,1,0.2,valid_episodes,88.8777,88.8777,1.0,20.86702537536621,0.7500013931573989,0.10715623829149495,7.559099999999994,0.0,0.0,,0.0,0.003746721618583641,3.714017316782795e-08
standard,test,head_on_corridor,high,COLLISION,5,5,0,5,5,4,0.8,valid_episodes,23.160149999999998,23.160149999999998,0.0,5.463098322831571,0.7048807671809169,0.08222140070728066,1.5484500000000008,0.0,0.0,,0.0,0.05168501221335094,0.021667599481929
standard,test,head_on_corridor,high,TIMEOUT,5,5,0,5,5,0,0.0,valid_episodes,,,,,,,,,,,,,
standard,test,head_on_corridor,high,PLANNER_FAILURE,5,5,0,5,5,0,0.0,valid_episodes,,,,,,,,,,,,,
standard,test,head_on_corridor,high,SIMULATOR_FAILURE,5,5,0,5,5,0,0.0,manifest_episodes,,,,,,,,,,,,,
standard,test,head_on_corridor,high,INVALID_RESET,5,5,0,5,5,0,0.0,manifest_episodes,,,,,,,,,,,,,
standard,test,head_on_corridor,low,GOAL_REACHED,5,5,0,5,5,3,0.6,valid_episodes,89.28839999999998,89.28839999999998,1.0,20.89950579900751,0.8004446552813088,0.03716085834335132,2.5307999999999993,0.0,0.0,,0.0,0.0384207734922971,0.08907420167596086
standard,test,head_on_corridor,low,COLLISION,5,5,0,5,5,2,0.4,valid_episodes,29.08755,29.08755,0.0,6.881527900695801,0.6981307223678602,0.06521003420991876,1.4985,0.0,0.0,,0.0,0.040144841228199175,4.880282535166979e-08
standard,test,head_on_corridor,low,TIMEOUT,5,5,0,5,5,0,0.0,valid_episodes,,,,,,,,,,,,,
standard,test,head_on_corridor,low,PLANNER_FAILURE,5,5,0,5,5,0,0.0,valid_episodes,,,,,,,,,,,,,
standard,test,head_on_corridor,low,SIMULATOR_FAILURE,5,5,0,5,5,0,0.0,manifest_episodes,,,,,,,,,,,,,
standard,test,head_on_corridor,low,INVALID_RESET,5,5,0,5,5,0,0.0,manifest_episodes,,,,,,,,,,,,,
standard,test,head_on_corridor,medium,GOAL_REACHED,5,5,0,5,5,5,1.0,valid_episodes,88.8777,88.8777,1.0,20.869118951024,0.8224638438851406,0.06729094800211084,4.3489800000000045,0.0,0.0,,0.0,0.017544787041714072,4.107577621119271e-08
standard,test,head_on_corridor,medium,COLLISION,5,5,0,5,5,0,0.0,valid_episodes,,,,,,,,,,,,,
standard,test,head_on_corridor,medium,TIMEOUT,5,5,0,5,5,0,0.0,valid_episodes,,,,,,,,,,,,,
standard,test,head_on_corridor,medium,PLANNER_FAILURE,5,5,0,5,5,0,0.0,valid_episodes,,,,,,,,,,,,,
standard,test,head_on_corridor,medium,SIMULATOR_FAILURE,5,5,0,5,5,0,0.0,manifest_episodes,,,,,,,,,,,,,
standard,test,head_on_corridor,medium,INVALID_RESET,5,5,0,5,5,0,0.0,manifest_episodes,,,,,,,,,,,,,
standard,test,opposite_streams,high,GOAL_REACHED,5,5,0,5,5,5,1.0,valid_episodes,88.8777,88.8777,1.0,20.86490364074707,0.8882275661375484,0.09239510726671607,2.9970000000000034,0.0,0.0,,0.0,0.02481208827488019,3.684530510917739e-08
standard,test,opposite_streams,high,COLLISION,5,5,0,5,5,0,0.0,valid_episodes,,,,,,,,,,,,,
standard,test,opposite_streams,high,TIMEOUT,5,5,0,5,5,0,0.0,valid_episodes,,,,,,,,,,,,,
standard,test,opposite_streams,high,PLANNER_FAILURE,5,5,0,5,5,0,0.0,valid_episodes,,,,,,,,,,,,,
standard,test,opposite_streams,high,SIMULATOR_FAILURE,5,5,0,5,5,0,0.0,manifest_episodes,,,,,,,,,,,,,
standard,test,opposite_streams,high,INVALID_RESET,5,5,0,5,5,0,0.0,manifest_episodes,,,,,,,,,,,,,
standard,test,opposite_streams,low,GOAL_REACHED,5,5,0,5,5,5,1.0,valid_episodes,89.69688,89.69688,1.0,20.84673750765408,0.9601692320557309,0.02719462194904911,0.9190799999999996,0.0,0.0,,0.0,0.029945045490258664,3.591410528662058e-08
standard,test,opposite_streams,low,COLLISION,5,5,0,5,5,0,0.0,valid_episodes,,,,,,,,,,,,,
standard,test,opposite_streams,low,TIMEOUT,5,5,0,5,5,0,0.0,valid_episodes,,,,,,,,,,,,,
standard,test,opposite_streams,low,PLANNER_FAILURE,5,5,0,5,5,0,0.0,valid_episodes,,,,,,,,,,,,,
standard,test,opposite_streams,low,SIMULATOR_FAILURE,5,5,0,5,5,0,0.0,manifest_episodes,,,,,,,,,,,,,
standard,test,opposite_streams,low,INVALID_RESET,5,5,0,5,5,0,0.0,manifest_episodes,,,,,,,,,,,,,
standard,test,opposite_streams,medium,GOAL_REACHED,5,5,0,5,5,5,1.0,valid_episodes,88.90434,88.90434,1.0,20.842404672910867,0.8882202179744532,0.07910715208235046,2.9437200000000012,0.0,0.0,,0.0,0.03642025147034964,3.7034537108842194e-08
standard,test,opposite_streams,medium,COLLISION,5,5,0,5,5,0,0.0,valid_episodes,,,,,,,,,,,,,
standard,test,opposite_streams,medium,TIMEOUT,5,5,0,5,5,0,0.0,valid_episodes,,,,,,,,,,,,,
standard,test,opposite_streams,medium,PLANNER_FAILURE,5,5,0,5,5,0,0.0,valid_episodes,,,,,,,,,,,,,
standard,test,opposite_streams,medium,SIMULATOR_FAILURE,5,5,0,5,5,0,0.0,manifest_episodes,,,,,,,,,,,,,
standard,test,opposite_streams,medium,INVALID_RESET,5,5,0,5,5,0,0.0,manifest_episodes,,,,,,,,,,,,,
standard,test,overtaking,high,GOAL_REACHED,5,5,0,5,5,5,1.0,valid_episodes,89.07750000000001,89.07750000000001,1.0,20.886165120204897,0.8880400557054348,0.2875812998792021,7.898760000000001,0.0,0.0,,0.0,0.0465925966476129,0.003216054533957084
standard,test,overtaking,high,COLLISION,5,5,0,5,5,0,0.0,valid_episodes,,,,,,,,,,,,,
standard,test,overtaking,high,TIMEOUT,5,5,0,5,5,0,0.0,valid_episodes,,,,,,,,,,,,,
standard,test,overtaking,high,PLANNER_FAILURE,5,5,0,5,5,0,0.0,valid_episodes,,,,,,,,,,,,,
standard,test,overtaking,high,SIMULATOR_FAILURE,5,5,0,5,5,0,0.0,manifest_episodes,,,,,,,,,,,,,
standard,test,overtaking,high,INVALID_RESET,5,5,0,5,5,0,0.0,manifest_episodes,,,,,,,,,,,,,
standard,test,overtaking,low,GOAL_REACHED,5,5,0,5,5,5,1.0,valid_episodes,88.7445,88.7445,1.0,20.8640289536703,0.9600430921742538,0.1227507537813464,3.896100000000002,0.0,0.0,,0.0,0.026580295523428367,3.663070506508777e-08
standard,test,overtaking,low,COLLISION,5,5,0,5,5,0,0.0,valid_episodes,,,,,,,,,,,,,
standard,test,overtaking,low,TIMEOUT,5,5,0,5,5,0,0.0,valid_episodes,,,,,,,,,,,,,
standard,test,overtaking,low,PLANNER_FAILURE,5,5,0,5,5,0,0.0,valid_episodes,,,,,,,,,,,,,
standard,test,overtaking,low,SIMULATOR_FAILURE,5,5,0,5,5,0,0.0,manifest_episodes,,,,,,,,,,,,,
standard,test,overtaking,low,INVALID_RESET,5,5,0,5,5,0,0.0,manifest_episodes,,,,,,,,,,,,,
standard,test,overtaking,medium,GOAL_REACHED,5,5,0,5,5,5,1.0,valid_episodes,89.10414,89.10414,1.0,20.899644435078898,0.8880168971811179,0.22800209234197416,8.351639999999996,0.0,0.0,,0.0,0.029476448261535497,3.905850761698412e-08
standard,test,overtaking,medium,COLLISION,5,5,0,5,5,0,0.0,valid_episodes,,,,,,,,,,,,,
standard,test,overtaking,medium,TIMEOUT,5,5,0,5,5,0,0.0,valid_episodes,,,,,,,,,,,,,
standard,test,overtaking,medium,PLANNER_FAILURE,5,5,0,5,5,0,0.0,valid_episodes,,,,,,,,,,,,,
standard,test,overtaking,medium,SIMULATOR_FAILURE,5,5,0,5,5,0,0.0,manifest_episodes,,,,,,,,,,,,,
standard,test,overtaking,medium,INVALID_RESET,5,5,0,5,5,0,0.0,manifest_episodes,,,,,,,,,,,,,
standard,test,temporary_blockage,high,GOAL_REACHED,5,5,0,5,5,0,0.0,valid_episodes,,,,,,,,,,,,,
standard,test,temporary_blockage,high,COLLISION,5,5,0,5,5,5,1.0,valid_episodes,29.52378,29.52378,0.0,6.982417611668683,0.688952367180371,0.08956947155534116,1.7981999999999971,0.0,0.0,,0.0,0.010240703676393157,0.3563140315026244
standard,test,temporary_blockage,high,TIMEOUT,5,5,0,5,5,0,0.0,valid_episodes,,,,,,,,,,,,,
standard,test,temporary_blockage,high,PLANNER_FAILURE,5,5,0,5,5,0,0.0,valid_episodes,,,,,,,,,,,,,
standard,test,temporary_blockage,high,SIMULATOR_FAILURE,5,5,0,5,5,0,0.0,manifest_episodes,,,,,,,,,,,,,
standard,test,temporary_blockage,high,INVALID_RESET,5,5,0,5,5,0,0.0,manifest_episodes,,,,,,,,,,,,,
standard,test,temporary_blockage,low,GOAL_REACHED,5,5,0,5,5,1,0.2,valid_episodes,72.8604,72.8604,0.9958055778693441,17.07160541525175,1.3823607989904845,0.0,0.0,0.0,0.0,,0.0,0.06032906764168203,0.43179685437529414
standard,test,temporary_blockage,low,COLLISION,5,5,0,5,5,4,0.8,valid_episodes,33.5997,33.5997,0.0,7.92208118806027,0.6892650836090515,0.06706441224289988,1.3569750000000003,0.0,0.0,,0.0,0.038230503890782475,0.21591096674488694
standard,test,temporary_blockage,low,TIMEOUT,5,5,0,5,5,0,0.0,valid_episodes,,,,,,,,,,,,,
standard,test,temporary_blockage,low,PLANNER_FAILURE,5,5,0,5,5,0,0.0,valid_episodes,,,,,,,,,,,,,
standard,test,temporary_blockage,low,SIMULATOR_FAILURE,5,5,0,5,5,0,0.0,manifest_episodes,,,,,,,,,,,,,
standard,test,temporary_blockage,low,INVALID_RESET,5,5,0,5,5,0,0.0,manifest_episodes,,,,,,,,,,,,,
standard,test,temporary_blockage,medium,GOAL_REACHED,5,5,0,5,5,2,0.4,valid_episodes,75.47444999999999,75.47444999999999,0.982014256966681,17.313835499256907,0.9359747803770304,0.10209786983368177,3.11355,0.0,0.0,,0.0,0.08495513338895826,0.5163131126646685
standard,test,temporary_blockage,medium,COLLISION,5,5,0,5,5,3,0.6,valid_episodes,35.5755,35.5755,0.0,8.38758759854675,0.6923894773876071,0.05989643926975502,1.2653999999999972,0.0,0.0,,0.0,0.01568109823189109,0.3342870440185209
standard,test,temporary_blockage,medium,TIMEOUT,5,5,0,5,5,0,0.0,valid_episodes,,,,,,,,,,,,,
standard,test,temporary_blockage,medium,PLANNER_FAILURE,5,5,0,5,5,0,0.0,valid_episodes,,,,,,,,,,,,,
standard,test,temporary_blockage,medium,SIMULATOR_FAILURE,5,5,0,5,5,0,0.0,manifest_episodes,,,,,,,,,,,,,
standard,test,temporary_blockage,medium,INVALID_RESET,5,5,0,5,5,0,0.0,manifest_episodes,,,,,,,,,,,,,
