family,episode_id,sample_index,timestamp_s,selected_action,step_index,constraint,pre,post,removed,added,collapse_source
occluded_side_emergence,pgrr_extpilot_f01_occluded_side_emergence_low_train_r00_s91100_pgrr,534,53.413199999999996,WAIT,1,bc_yield_mask,"21,22","21,22",,,UPSTREAM_BEFORE_FIRST_LOGGED_STEP
occluded_side_emergence,pgrr_extpilot_f01_occluded_side_emergence_low_train_r00_s91100_pgrr,534,53.413199999999996,WAIT,2,bc_closing_side,"21,22","21,22",,,UPSTREAM_BEFORE_FIRST_LOGGED_STEP
occluded_side_emergence,pgrr_extpilot_f01_occluded_side_emergence_low_train_r00_s91100_pgrr,544,54.41219999999999,WAIT,1,bc_yield_mask,"21,22","21,22",,,UPSTREAM_BEFORE_FIRST_LOGGED_STEP
occluded_side_emergence,pgrr_extpilot_f01_occluded_side_emergence_low_train_r00_s91100_pgrr,544,54.41219999999999,WAIT,2,bc_closing_side,"21,22","21,22",,,UPSTREAM_BEFORE_FIRST_LOGGED_STEP
occluded_side_emergence,pgrr_extpilot_f01_occluded_side_emergence_low_train_r00_s91100_pgrr,554,55.4112,WAIT,1,bc_yield_mask,"21,22","21,22",,,UPSTREAM_BEFORE_FIRST_LOGGED_STEP
occluded_side_emergence,pgrr_extpilot_f01_occluded_side_emergence_low_train_r00_s91100_pgrr,554,55.4112,WAIT,2,bc_closing_side,"21,22","21,22",,,UPSTREAM_BEFORE_FIRST_LOGGED_STEP
occluded_side_emergence,pgrr_extpilot_f01_occluded_side_emergence_low_train_r00_s91100_pgrr,564,56.410199999999996,BACKUP,1,bc_yield_mask,"21,22","21,22",,,UPSTREAM_BEFORE_FIRST_LOGGED_STEP
occluded_side_emergence,pgrr_extpilot_f01_occluded_side_emergence_low_train_r00_s91100_pgrr,564,56.410199999999996,BACKUP,2,bc_closing_side,"21,22","21,22",,,UPSTREAM_BEFORE_FIRST_LOGGED_STEP
occluded_side_emergence,pgrr_extpilot_f01_occluded_side_emergence_low_train_r00_s91100_pgrr,589,58.9077,BACKUP,1,bc_yield_mask,"21,22","21,22",,,UPSTREAM_BEFORE_FIRST_LOGGED_STEP
occluded_side_emergence,pgrr_extpilot_f01_occluded_side_emergence_low_train_r00_s91100_pgrr,589,58.9077,BACKUP,2,bc_closing_side,"21,22","21,22",,,UPSTREAM_BEFORE_FIRST_LOGGED_STEP
occluded_side_emergence,pgrr_extpilot_f01_occluded_side_emergence_low_train_r00_s91100_pgrr,684,68.3982,BACKUP,1,bc_yield_mask,"21,22","21,22",,,UPSTREAM_BEFORE_FIRST_LOGGED_STEP
occluded_side_emergence,pgrr_extpilot_f01_occluded_side_emergence_low_train_r00_s91100_pgrr,684,68.3982,BACKUP,2,bc_closing_side,"21,22","21,22",,,UPSTREAM_BEFORE_FIRST_LOGGED_STEP
occluded_side_emergence,pgrr_extpilot_f01_occluded_side_emergence_low_train_r00_s91100_pgrr,709,70.929,BACKUP,1,bc_yield_mask,"21,22","21,22",,,UPSTREAM_BEFORE_FIRST_LOGGED_STEP
occluded_side_emergence,pgrr_extpilot_f01_occluded_side_emergence_low_train_r00_s91100_pgrr,709,70.929,BACKUP,2,bc_closing_side,"21,22","21,22",,,UPSTREAM_BEFORE_FIRST_LOGGED_STEP
occluded_side_emergence,pgrr_extpilot_f01_occluded_side_emergence_low_train_r00_s91100_pgrr,789,78.92099999999999,BACKUP,1,bc_yield_mask,"21,22","21,22",,,UPSTREAM_BEFORE_FIRST_LOGGED_STEP
occluded_side_emergence,pgrr_extpilot_f01_occluded_side_emergence_low_train_r00_s91100_pgrr,789,78.92099999999999,BACKUP,2,bc_closing_side,"21,22","21,22",,,UPSTREAM_BEFORE_FIRST_LOGGED_STEP
occluded_side_emergence,pgrr_extpilot_f01_occluded_side_emergence_low_train_r00_s91100_pgrr,819,81.918,BACKUP,1,bc_yield_mask,"21,22","21,22",,,UPSTREAM_BEFORE_FIRST_LOGGED_STEP
occluded_side_emergence,pgrr_extpilot_f01_occluded_side_emergence_low_train_r00_s91100_pgrr,819,81.918,BACKUP,2,bc_closing_side,"21,22","21,22",,,UPSTREAM_BEFORE_FIRST_LOGGED_STEP
occluded_side_emergence,pgrr_extpilot_f01_occluded_side_emergence_low_train_r00_s91100_pgrr,884,88.41149999999999,BACKUP,1,bc_yield_mask,"21,22","21,22",,,UPSTREAM_BEFORE_FIRST_LOGGED_STEP
occluded_side_emergence,pgrr_extpilot_f01_occluded_side_emergence_low_train_r00_s91100_pgrr,884,88.41149999999999,BACKUP,2,bc_closing_side,"21,22","21,22",,,UPSTREAM_BEFORE_FIRST_LOGGED_STEP
recurrent_bidirectional_crossing,pgrr_extpilot_f02_recurrent_bidirectional_crossing_medium_train_r00_s91210_pgrr,335,32.8005,BACKUP,1,bc_yield_mask,"2,21,22","21,22",SUBGOAL_2,,bc_yield_mask
recurrent_bidirectional_crossing,pgrr_extpilot_f02_recurrent_bidirectional_crossing_medium_train_r00_s91210_pgrr,335,32.8005,BACKUP,2,bc_closing_side,"21,22","21,22",,,bc_yield_mask
recurrent_bidirectional_crossing,pgrr_extpilot_f02_recurrent_bidirectional_crossing_medium_train_r00_s91210_pgrr,335,32.8005,BACKUP,3,bc_recurrent_escape,"21,22","21,22",,,bc_yield_mask
recurrent_bidirectional_crossing,pgrr_extpilot_f02_recurrent_bidirectional_crossing_medium_train_r00_s91210_pgrr,350,34.2657,BACKUP,1,bc_yield_mask,"21,22","21,22",,,UPSTREAM_BEFORE_FIRST_LOGGED_STEP
recurrent_bidirectional_crossing,pgrr_extpilot_f02_recurrent_bidirectional_crossing_medium_train_r00_s91210_pgrr,350,34.2657,BACKUP,2,bc_closing_side,"21,22","21,22",,,UPSTREAM_BEFORE_FIRST_LOGGED_STEP
recurrent_bidirectional_crossing,pgrr_extpilot_f02_recurrent_bidirectional_crossing_medium_train_r00_s91210_pgrr,350,34.2657,BACKUP,3,bc_recurrent_escape,"21,22","21,22",,,UPSTREAM_BEFORE_FIRST_LOGGED_STEP
recurrent_bidirectional_crossing,pgrr_extpilot_f02_recurrent_bidirectional_crossing_medium_train_r00_s91210_pgrr,365,35.7642,BACKUP,1,bc_yield_mask,"21,22","21,22",,,UPSTREAM_BEFORE_FIRST_LOGGED_STEP
recurrent_bidirectional_crossing,pgrr_extpilot_f02_recurrent_bidirectional_crossing_medium_train_r00_s91210_pgrr,365,35.7642,BACKUP,2,bc_closing_side,"21,22","21,22",,,UPSTREAM_BEFORE_FIRST_LOGGED_STEP
recurrent_bidirectional_crossing,pgrr_extpilot_f02_recurrent_bidirectional_crossing_medium_train_r00_s91210_pgrr,365,35.7642,BACKUP,3,bc_recurrent_escape,"21,22","21,22",,,UPSTREAM_BEFORE_FIRST_LOGGED_STEP
recurrent_bidirectional_crossing,pgrr_extpilot_f02_recurrent_bidirectional_crossing_medium_train_r00_s91210_pgrr,391,38.3283,BACKUP,1,bc_yield_mask,"21,22","21,22",,,UPSTREAM_BEFORE_FIRST_LOGGED_STEP
recurrent_bidirectional_crossing,pgrr_extpilot_f02_recurrent_bidirectional_crossing_medium_train_r00_s91210_pgrr,391,38.3283,BACKUP,2,bc_closing_side,"21,22","21,22",,,UPSTREAM_BEFORE_FIRST_LOGGED_STEP
recurrent_bidirectional_crossing,pgrr_extpilot_f02_recurrent_bidirectional_crossing_medium_train_r00_s91210_pgrr,427,41.8248,BACKUP,1,bc_yield_mask,"21,22","21,22",,,UPSTREAM_BEFORE_FIRST_LOGGED_STEP
recurrent_bidirectional_crossing,pgrr_extpilot_f02_recurrent_bidirectional_crossing_medium_train_r00_s91210_pgrr,427,41.8248,BACKUP,2,bc_closing_side,"21,22","21,22",,,UPSTREAM_BEFORE_FIRST_LOGGED_STEP
recurrent_bidirectional_crossing,pgrr_extpilot_f02_recurrent_bidirectional_crossing_medium_train_r00_s91210_pgrr,472,46.2537,WAIT,1,bc_yield_mask,"0,1,21,22","0,21,22",SUBGOAL_1,,NOT_COLLAPSED_TO_WAIT_BACKUP
recurrent_bidirectional_crossing,pgrr_extpilot_f02_recurrent_bidirectional_crossing_medium_train_r00_s91210_pgrr,472,46.2537,WAIT,2,bc_closing_side,"0,21,22","0,21,22",,,NOT_COLLAPSED_TO_WAIT_BACKUP
recurrent_bidirectional_crossing,pgrr_extpilot_f02_recurrent_bidirectional_crossing_medium_train_r00_s91210_pgrr,483,47.3526,WAIT,1,bc_yield_mask,"0,1,2,3,9,21,22","0,21,22","SUBGOAL_1,SUBGOAL_2,SUBGOAL_3,SUBGOAL_9",,NOT_COLLAPSED_TO_WAIT_BACKUP
recurrent_bidirectional_crossing,pgrr_extpilot_f02_recurrent_bidirectional_crossing_medium_train_r00_s91210_pgrr,483,47.3526,WAIT,2,bc_closing_side,"0,21,22","0,21,22",,,NOT_COLLAPSED_TO_WAIT_BACKUP
recurrent_bidirectional_crossing,pgrr_extpilot_f02_recurrent_bidirectional_crossing_medium_train_r00_s91210_pgrr,493,48.3183,WAIT,1,bc_yield_mask,"0,1,2,3,9,10,21,22","0,21,22","SUBGOAL_1,SUBGOAL_2,SUBGOAL_3,SUBGOAL_9,SUBGOAL_10",,NOT_COLLAPSED_TO_WAIT_BACKUP
recurrent_bidirectional_crossing,pgrr_extpilot_f02_recurrent_bidirectional_crossing_medium_train_r00_s91210_pgrr,493,48.3183,WAIT,2,bc_closing_side,"0,21,22","0,21,22",,,NOT_COLLAPSED_TO_WAIT_BACKUP
recurrent_bidirectional_crossing,pgrr_extpilot_f02_recurrent_bidirectional_crossing_medium_train_r00_s91210_pgrr,544,53.3466,SUBGOAL_0,1,bc_yield_mask,"0,21,22","0,21,22",,,NOT_COLLAPSED_TO_WAIT_BACKUP
recurrent_bidirectional_crossing,pgrr_extpilot_f02_recurrent_bidirectional_crossing_medium_train_r00_s91210_pgrr,544,53.3466,SUBGOAL_0,2,bc_closing_side,"0,21,22","0,21,22",,,NOT_COLLAPSED_TO_WAIT_BACKUP
recurrent_bidirectional_crossing,pgrr_extpilot_f02_recurrent_bidirectional_crossing_medium_train_r00_s91210_pgrr,544,53.3466,SUBGOAL_0,3,UNLOGGED_AFTER_bc_closing_side_BEFORE_bc_recurrent_escape,"0,21,22",0,"WAIT,BACKUP",,NOT_COLLAPSED_TO_WAIT_BACKUP
recurrent_bidirectional_crossing,pgrr_extpilot_f02_recurrent_bidirectional_crossing_medium_train_r00_s91210_pgrr,544,53.3466,SUBGOAL_0,4,bc_recurrent_escape,0,0,,,NOT_COLLAPSED_TO_WAIT_BACKUP
recurrent_bidirectional_crossing,pgrr_extpilot_f02_recurrent_bidirectional_crossing_medium_train_r00_s91210_pgrr,707,69.3306,REPLAN,,,unknown,unknown,,,NO_PARSEABLE_MASK_STEP
recurrent_bidirectional_crossing,pgrr_extpilot_f02_recurrent_bidirectional_crossing_medium_train_r00_s91210_pgrr,869,85.31460000000001,CONTINUE,,,unknown,unknown,,,NO_PARSEABLE_MASK_STEP
narrow_corridor_head_on_deadlock,pgrr_extpilot_f03_narrow_corridor_head_on_deadlock_low_train_r00_s91300_pgrr,53,5.328000000000003,BACKUP,1,bc_yield_mask,"21,22","21,22",,,UPSTREAM_BEFORE_FIRST_LOGGED_STEP
narrow_corridor_head_on_deadlock,pgrr_extpilot_f03_narrow_corridor_head_on_deadlock_low_train_r00_s91300_pgrr,53,5.328000000000003,BACKUP,2,bc_closing_side,"21,22","21,22",,,UPSTREAM_BEFORE_FIRST_LOGGED_STEP
narrow_corridor_head_on_deadlock,pgrr_extpilot_f03_narrow_corridor_head_on_deadlock_low_train_r00_s91300_pgrr,68,6.826500000000003,WAIT,1,bc_yield_mask,21,21,,,UPSTREAM_BEFORE_FIRST_LOGGED_STEP
narrow_corridor_head_on_deadlock,pgrr_extpilot_f03_narrow_corridor_head_on_deadlock_low_train_r00_s91300_pgrr,68,6.826500000000003,WAIT,2,bc_closing_side,21,21,,,UPSTREAM_BEFORE_FIRST_LOGGED_STEP
narrow_corridor_head_on_deadlock,pgrr_extpilot_f03_narrow_corridor_head_on_deadlock_low_train_r00_s91300_pgrr,77,7.7256,WAIT,1,bc_yield_mask,21,21,,,UPSTREAM_BEFORE_FIRST_LOGGED_STEP
narrow_corridor_head_on_deadlock,pgrr_extpilot_f03_narrow_corridor_head_on_deadlock_low_train_r00_s91300_pgrr,77,7.7256,WAIT,2,bc_closing_side,21,21,,,UPSTREAM_BEFORE_FIRST_LOGGED_STEP
narrow_corridor_head_on_deadlock,pgrr_extpilot_f03_narrow_corridor_head_on_deadlock_low_train_r00_s91300_pgrr,87,8.757900000000003,WAIT,1,bc_yield_mask,21,21,,,UPSTREAM_BEFORE_FIRST_LOGGED_STEP
narrow_corridor_head_on_deadlock,pgrr_extpilot_f03_narrow_corridor_head_on_deadlock_low_train_r00_s91300_pgrr,87,8.757900000000003,WAIT,2,bc_closing_side,21,21,,,UPSTREAM_BEFORE_FIRST_LOGGED_STEP
closing_gap_multi_pedestrian,pgrr_extpilot_f04_closing_gap_multi_pedestrian_medium_train_r00_s91410_pgrr,374,37.429199999999994,BACKUP,1,bc_yield_mask,"21,22","21,22",,,UPSTREAM_BEFORE_FIRST_LOGGED_STEP
closing_gap_multi_pedestrian,pgrr_extpilot_f04_closing_gap_multi_pedestrian_medium_train_r00_s91410_pgrr,374,37.429199999999994,BACKUP,2,bc_closing_side,"21,22","21,22",,,UPSTREAM_BEFORE_FIRST_LOGGED_STEP
closing_gap_multi_pedestrian,pgrr_extpilot_f04_closing_gap_multi_pedestrian_medium_train_r00_s91410_pgrr,469,46.953,BACKUP,1,bc_yield_mask,"21,22","21,22",,,UPSTREAM_BEFORE_FIRST_LOGGED_STEP
closing_gap_multi_pedestrian,pgrr_extpilot_f04_closing_gap_multi_pedestrian_medium_train_r00_s91410_pgrr,469,46.953,BACKUP,2,bc_closing_side,"21,22","21,22",,,UPSTREAM_BEFORE_FIRST_LOGGED_STEP
closing_gap_multi_pedestrian,pgrr_extpilot_f04_closing_gap_multi_pedestrian_medium_train_r00_s91410_pgrr,578,57.908699999999996,WAIT,1,bc_yield_mask,"21,22","21,22",,,UPSTREAM_BEFORE_FIRST_LOGGED_STEP
closing_gap_multi_pedestrian,pgrr_extpilot_f04_closing_gap_multi_pedestrian_medium_train_r00_s91410_pgrr,578,57.908699999999996,WAIT,2,bc_closing_side,"21,22","21,22",,,UPSTREAM_BEFORE_FIRST_LOGGED_STEP
closing_gap_multi_pedestrian,pgrr_extpilot_f04_closing_gap_multi_pedestrian_medium_train_r00_s91410_pgrr,578,57.908699999999996,WAIT,3,bc_recurrent_escape,"21,22","21,22",,,UPSTREAM_BEFORE_FIRST_LOGGED_STEP
closing_gap_multi_pedestrian,pgrr_extpilot_f04_closing_gap_multi_pedestrian_medium_train_r00_s91410_pgrr,588,58.907700000000006,WAIT,1,bc_yield_mask,"21,22","21,22",,,UPSTREAM_BEFORE_FIRST_LOGGED_STEP
closing_gap_multi_pedestrian,pgrr_extpilot_f04_closing_gap_multi_pedestrian_medium_train_r00_s91410_pgrr,588,58.907700000000006,WAIT,2,bc_closing_side,"21,22","21,22",,,UPSTREAM_BEFORE_FIRST_LOGGED_STEP
closing_gap_multi_pedestrian,pgrr_extpilot_f04_closing_gap_multi_pedestrian_medium_train_r00_s91410_pgrr,588,58.907700000000006,WAIT,3,bc_recurrent_escape,"21,22","21,22",,,UPSTREAM_BEFORE_FIRST_LOGGED_STEP
closing_gap_multi_pedestrian,pgrr_extpilot_f04_closing_gap_multi_pedestrian_medium_train_r00_s91410_pgrr,648,64.9017,BACKUP,1,bc_yield_mask,"21,22","21,22",,,UPSTREAM_BEFORE_FIRST_LOGGED_STEP
closing_gap_multi_pedestrian,pgrr_extpilot_f04_closing_gap_multi_pedestrian_medium_train_r00_s91410_pgrr,648,64.9017,BACKUP,2,bc_closing_side,"21,22","21,22",,,UPSTREAM_BEFORE_FIRST_LOGGED_STEP
closing_gap_multi_pedestrian,pgrr_extpilot_f04_closing_gap_multi_pedestrian_medium_train_r00_s91410_pgrr,673,67.3659,WAIT,1,bc_yield_mask,"21,22","21,22",,,UPSTREAM_BEFORE_FIRST_LOGGED_STEP
closing_gap_multi_pedestrian,pgrr_extpilot_f04_closing_gap_multi_pedestrian_medium_train_r00_s91410_pgrr,673,67.3659,WAIT,2,bc_closing_side,"21,22","21,22",,,UPSTREAM_BEFORE_FIRST_LOGGED_STEP
closing_gap_multi_pedestrian,pgrr_extpilot_f04_closing_gap_multi_pedestrian_medium_train_r00_s91410_pgrr,683,68.3649,WAIT,1,bc_yield_mask,"21,22","21,22",,,UPSTREAM_BEFORE_FIRST_LOGGED_STEP
closing_gap_multi_pedestrian,pgrr_extpilot_f04_closing_gap_multi_pedestrian_medium_train_r00_s91410_pgrr,683,68.3649,WAIT,2,bc_closing_side,"21,22","21,22",,,UPSTREAM_BEFORE_FIRST_LOGGED_STEP
closing_gap_multi_pedestrian,pgrr_extpilot_f04_closing_gap_multi_pedestrian_medium_train_r00_s91410_pgrr,693,69.3639,WAIT,1,bc_yield_mask,"21,22","21,22",,,UPSTREAM_BEFORE_FIRST_LOGGED_STEP
closing_gap_multi_pedestrian,pgrr_extpilot_f04_closing_gap_multi_pedestrian_medium_train_r00_s91410_pgrr,693,69.3639,WAIT,2,bc_closing_side,"21,22","21,22",,,UPSTREAM_BEFORE_FIRST_LOGGED_STEP
closing_gap_multi_pedestrian,pgrr_extpilot_f04_closing_gap_multi_pedestrian_medium_train_r00_s91410_pgrr,703,70.3629,BACKUP,1,bc_yield_mask,"21,22","21,22",,,UPSTREAM_BEFORE_FIRST_LOGGED_STEP
closing_gap_multi_pedestrian,pgrr_extpilot_f04_closing_gap_multi_pedestrian_medium_train_r00_s91410_pgrr,703,70.3629,BACKUP,2,bc_closing_side,"21,22","21,22",,,UPSTREAM_BEFORE_FIRST_LOGGED_STEP
closing_gap_multi_pedestrian,pgrr_extpilot_f04_closing_gap_multi_pedestrian_medium_train_r00_s91410_pgrr,769,76.9896,BACKUP,1,bc_yield_mask,"21,22","21,22",,,UPSTREAM_BEFORE_FIRST_LOGGED_STEP
closing_gap_multi_pedestrian,pgrr_extpilot_f04_closing_gap_multi_pedestrian_medium_train_r00_s91410_pgrr,769,76.9896,BACKUP,2,bc_closing_side,"21,22","21,22",,,UPSTREAM_BEFORE_FIRST_LOGGED_STEP
closing_gap_multi_pedestrian,pgrr_extpilot_f04_closing_gap_multi_pedestrian_medium_train_r00_s91410_pgrr,863,86.4468,BACKUP,1,bc_yield_mask,"21,22","21,22",,,UPSTREAM_BEFORE_FIRST_LOGGED_STEP
closing_gap_multi_pedestrian,pgrr_extpilot_f04_closing_gap_multi_pedestrian_medium_train_r00_s91410_pgrr,863,86.4468,BACKUP,2,bc_closing_side,"21,22","21,22",,,UPSTREAM_BEFORE_FIRST_LOGGED_STEP
lead_pedestrian_sudden_stop,pgrr_extpilot_f05_lead_pedestrian_sudden_stop_low_train_r00_s91500_pgrr,445,44.622,WAIT,1,bc_yield_mask,"21,22","21,22",,,UPSTREAM_BEFORE_FIRST_LOGGED_STEP
lead_pedestrian_sudden_stop,pgrr_extpilot_f05_lead_pedestrian_sudden_stop_low_train_r00_s91500_pgrr,445,44.622,WAIT,2,bc_closing_side,"21,22","21,22",,,UPSTREAM_BEFORE_FIRST_LOGGED_STEP
lead_pedestrian_sudden_stop,pgrr_extpilot_f05_lead_pedestrian_sudden_stop_low_train_r00_s91500_pgrr,455,45.620999999999995,WAIT,1,bc_yield_mask,"21,22","21,22",,,UPSTREAM_BEFORE_FIRST_LOGGED_STEP
lead_pedestrian_sudden_stop,pgrr_extpilot_f05_lead_pedestrian_sudden_stop_low_train_r00_s91500_pgrr,455,45.620999999999995,WAIT,2,bc_closing_side,"21,22","21,22",,,UPSTREAM_BEFORE_FIRST_LOGGED_STEP
lead_pedestrian_sudden_stop,pgrr_extpilot_f05_lead_pedestrian_sudden_stop_low_train_r00_s91500_pgrr,465,46.620000000000005,WAIT,1,bc_yield_mask,"21,22","21,22",,,UPSTREAM_BEFORE_FIRST_LOGGED_STEP
lead_pedestrian_sudden_stop,pgrr_extpilot_f05_lead_pedestrian_sudden_stop_low_train_r00_s91500_pgrr,465,46.620000000000005,WAIT,2,bc_closing_side,"21,22","21,22",,,UPSTREAM_BEFORE_FIRST_LOGGED_STEP
lead_pedestrian_sudden_stop,pgrr_extpilot_f05_lead_pedestrian_sudden_stop_low_train_r00_s91500_pgrr,475,47.619,BACKUP,1,bc_yield_mask,"21,22","21,22",,,UPSTREAM_BEFORE_FIRST_LOGGED_STEP
lead_pedestrian_sudden_stop,pgrr_extpilot_f05_lead_pedestrian_sudden_stop_low_train_r00_s91500_pgrr,475,47.619,BACKUP,2,bc_closing_side,"21,22","21,22",,,UPSTREAM_BEFORE_FIRST_LOGGED_STEP
lead_pedestrian_sudden_stop,pgrr_extpilot_f05_lead_pedestrian_sudden_stop_low_train_r00_s91500_pgrr,530,53.1468,BACKUP,1,bc_yield_mask,"21,22","21,22",,,UPSTREAM_BEFORE_FIRST_LOGGED_STEP
lead_pedestrian_sudden_stop,pgrr_extpilot_f05_lead_pedestrian_sudden_stop_low_train_r00_s91500_pgrr,530,53.1468,BACKUP,2,bc_closing_side,"21,22","21,22",,,UPSTREAM_BEFORE_FIRST_LOGGED_STEP
lead_pedestrian_sudden_stop,pgrr_extpilot_f05_lead_pedestrian_sudden_stop_low_train_r00_s91500_pgrr,565,56.643299999999996,BACKUP,1,bc_yield_mask,"0,1,2,21,22","0,21,22","SUBGOAL_1,SUBGOAL_2",,NOT_COLLAPSED_TO_WAIT_BACKUP
lead_pedestrian_sudden_stop,pgrr_extpilot_f05_lead_pedestrian_sudden_stop_low_train_r00_s91500_pgrr,565,56.643299999999996,BACKUP,2,bc_closing_side,"0,21,22","0,21,22",,,NOT_COLLAPSED_TO_WAIT_BACKUP
lead_pedestrian_sudden_stop,pgrr_extpilot_f05_lead_pedestrian_sudden_stop_low_train_r00_s91500_pgrr,664,66.6,BACKUP,1,bc_yield_mask,"21,22","21,22",,,UPSTREAM_BEFORE_FIRST_LOGGED_STEP
lead_pedestrian_sudden_stop,pgrr_extpilot_f05_lead_pedestrian_sudden_stop_low_train_r00_s91500_pgrr,664,66.6,BACKUP,2,bc_closing_side,"21,22","21,22",,,UPSTREAM_BEFORE_FIRST_LOGGED_STEP
lead_pedestrian_sudden_stop,pgrr_extpilot_f05_lead_pedestrian_sudden_stop_low_train_r00_s91500_pgrr,699,70.1298,SUBGOAL_0,1,bc_yield_mask,"0,1,21,22","0,21,22",SUBGOAL_1,,NOT_COLLAPSED_TO_WAIT_BACKUP
lead_pedestrian_sudden_stop,pgrr_extpilot_f05_lead_pedestrian_sudden_stop_low_train_r00_s91500_pgrr,699,70.1298,SUBGOAL_0,2,bc_closing_side,"0,21,22","0,21,22",,,NOT_COLLAPSED_TO_WAIT_BACKUP
lead_pedestrian_sudden_stop,pgrr_extpilot_f05_lead_pedestrian_sudden_stop_low_train_r00_s91500_pgrr,769,77.0895,BACKUP,1,bc_yield_mask,"21,22","21,22",,,UPSTREAM_BEFORE_FIRST_LOGGED_STEP
lead_pedestrian_sudden_stop,pgrr_extpilot_f05_lead_pedestrian_sudden_stop_low_train_r00_s91500_pgrr,769,77.0895,BACKUP,2,bc_closing_side,"21,22","21,22",,,UPSTREAM_BEFORE_FIRST_LOGGED_STEP
lead_pedestrian_sudden_stop,pgrr_extpilot_f05_lead_pedestrian_sudden_stop_low_train_r00_s91500_pgrr,769,77.0895,BACKUP,3,bc_side_commitment,"21,22","21,22",,,UPSTREAM_BEFORE_FIRST_LOGGED_STEP
lead_pedestrian_sudden_stop,pgrr_extpilot_f05_lead_pedestrian_sudden_stop_low_train_r00_s91500_pgrr,799,80.0865,BACKUP,1,bc_yield_mask,"21,22","21,22",,,UPSTREAM_BEFORE_FIRST_LOGGED_STEP
lead_pedestrian_sudden_stop,pgrr_extpilot_f05_lead_pedestrian_sudden_stop_low_train_r00_s91500_pgrr,799,80.0865,BACKUP,2,bc_closing_side,"21,22","21,22",,,UPSTREAM_BEFORE_FIRST_LOGGED_STEP
lead_pedestrian_sudden_stop,pgrr_extpilot_f05_lead_pedestrian_sudden_stop_low_train_r00_s91500_pgrr,799,80.0865,BACKUP,3,bc_side_commitment,"21,22","21,22",,,UPSTREAM_BEFORE_FIRST_LOGGED_STEP
bottleneck_cross_flow_merge,pgrr_extpilot_f06_bottleneck_cross_flow_merge_medium_train_r00_s91610_pgrr,419,41.991299999999995,WAIT,1,bc_yield_mask,"21,22","21,22",,,UPSTREAM_BEFORE_FIRST_LOGGED_STEP
bottleneck_cross_flow_merge,pgrr_extpilot_f06_bottleneck_cross_flow_merge_medium_train_r00_s91610_pgrr,419,41.991299999999995,WAIT,2,bc_closing_side,"21,22","21,22",,,UPSTREAM_BEFORE_FIRST_LOGGED_STEP
bottleneck_cross_flow_merge,pgrr_extpilot_f06_bottleneck_cross_flow_merge_medium_train_r00_s91610_pgrr,419,41.991299999999995,WAIT,3,bc_recurrent_escape,"21,22","21,22",,,UPSTREAM_BEFORE_FIRST_LOGGED_STEP
bottleneck_cross_flow_merge,pgrr_extpilot_f06_bottleneck_cross_flow_merge_medium_train_r00_s91610_pgrr,428,42.9237,BACKUP,1,bc_yield_mask,"21,22","21,22",,,UPSTREAM_BEFORE_FIRST_LOGGED_STEP
bottleneck_cross_flow_merge,pgrr_extpilot_f06_bottleneck_cross_flow_merge_medium_train_r00_s91610_pgrr,428,42.9237,BACKUP,2,bc_closing_side,"21,22","21,22",,,UPSTREAM_BEFORE_FIRST_LOGGED_STEP
bottleneck_cross_flow_merge,pgrr_extpilot_f06_bottleneck_cross_flow_merge_medium_train_r00_s91610_pgrr,428,42.9237,BACKUP,3,bc_recurrent_escape,"21,22","21,22",,,UPSTREAM_BEFORE_FIRST_LOGGED_STEP
bottleneck_cross_flow_merge,pgrr_extpilot_f06_bottleneck_cross_flow_merge_medium_train_r00_s91610_pgrr,438,43.956,WAIT,1,bc_yield_mask,"21,22","21,22",,,UPSTREAM_BEFORE_FIRST_LOGGED_STEP
bottleneck_cross_flow_merge,pgrr_extpilot_f06_bottleneck_cross_flow_merge_medium_train_r00_s91610_pgrr,438,43.956,WAIT,2,bc_closing_side,"21,22","21,22",,,UPSTREAM_BEFORE_FIRST_LOGGED_STEP
bottleneck_cross_flow_merge,pgrr_extpilot_f06_bottleneck_cross_flow_merge_medium_train_r00_s91610_pgrr,463,46.453500000000005,WAIT,1,bc_yield_mask,"21,22","21,22",,,UPSTREAM_BEFORE_FIRST_LOGGED_STEP
bottleneck_cross_flow_merge,pgrr_extpilot_f06_bottleneck_cross_flow_merge_medium_train_r00_s91610_pgrr,463,46.453500000000005,WAIT,2,bc_closing_side,"21,22","21,22",,,UPSTREAM_BEFORE_FIRST_LOGGED_STEP
bottleneck_cross_flow_merge,pgrr_extpilot_f06_bottleneck_cross_flow_merge_medium_train_r00_s91610_pgrr,473,47.4525,BACKUP,1,bc_yield_mask,"21,22","21,22",,,UPSTREAM_BEFORE_FIRST_LOGGED_STEP
bottleneck_cross_flow_merge,pgrr_extpilot_f06_bottleneck_cross_flow_merge_medium_train_r00_s91610_pgrr,473,47.4525,BACKUP,2,bc_closing_side,"21,22","21,22",,,UPSTREAM_BEFORE_FIRST_LOGGED_STEP
bottleneck_cross_flow_merge,pgrr_extpilot_f06_bottleneck_cross_flow_merge_medium_train_r00_s91610_pgrr,583,58.441500000000005,BACKUP,1,bc_yield_mask,"21,22","21,22",,,UPSTREAM_BEFORE_FIRST_LOGGED_STEP
bottleneck_cross_flow_merge,pgrr_extpilot_f06_bottleneck_cross_flow_merge_medium_train_r00_s91610_pgrr,583,58.441500000000005,BACKUP,2,bc_closing_side,"21,22","21,22",,,UPSTREAM_BEFORE_FIRST_LOGGED_STEP
bottleneck_cross_flow_merge,pgrr_extpilot_f06_bottleneck_cross_flow_merge_medium_train_r00_s91610_pgrr,667,66.8997,BACKUP,1,bc_yield_mask,"21,22","21,22",,,UPSTREAM_BEFORE_FIRST_LOGGED_STEP
bottleneck_cross_flow_merge,pgrr_extpilot_f06_bottleneck_cross_flow_merge_medium_train_r00_s91610_pgrr,667,66.8997,BACKUP,2,bc_closing_side,"21,22","21,22",,,UPSTREAM_BEFORE_FIRST_LOGGED_STEP
bottleneck_cross_flow_merge,pgrr_extpilot_f06_bottleneck_cross_flow_merge_medium_train_r00_s91610_pgrr,802,80.4195,SUBGOAL_0,1,bc_yield_mask,"0,21,22","0,21,22",,,NOT_COLLAPSED_TO_WAIT_BACKUP
bottleneck_cross_flow_merge,pgrr_extpilot_f06_bottleneck_cross_flow_merge_medium_train_r00_s91610_pgrr,802,80.4195,SUBGOAL_0,2,bc_closing_side,"0,21,22","0,21,22",,,NOT_COLLAPSED_TO_WAIT_BACKUP
bottleneck_cross_flow_merge,pgrr_extpilot_f06_bottleneck_cross_flow_merge_medium_train_r00_s91610_pgrr,867,86.913,SUBGOAL_2,1,bc_yield_mask,"2,3,4,11,18,21","2,3,4,11,18,21",,,NOT_COLLAPSED_TO_WAIT_BACKUP
bottleneck_cross_flow_merge,pgrr_extpilot_f06_bottleneck_cross_flow_merge_medium_train_r00_s91610_pgrr,867,86.913,SUBGOAL_2,2,bc_closing_side,"2,3,4,11,18,21","2,3,4,11,18,21",,,NOT_COLLAPSED_TO_WAIT_BACKUP
bottleneck_cross_flow_merge,pgrr_extpilot_f06_bottleneck_cross_flow_merge_medium_train_r00_s91610_pgrr,867,86.913,SUBGOAL_2,3,bc_near_field_radius,"2,3,4,11,18,21","2,3,4,21","SUBGOAL_11,SUBGOAL_18",,NOT_COLLAPSED_TO_WAIT_BACKUP
goal_approach_lateral_interruption,pgrr_extpilot_f07_goal_approach_lateral_interruption_low_train_r00_s91700_pgrr,776,77.7222,BACKUP,1,bc_yield_mask,"21,22","21,22",,,UPSTREAM_BEFORE_FIRST_LOGGED_STEP
goal_approach_lateral_interruption,pgrr_extpilot_f07_goal_approach_lateral_interruption_low_train_r00_s91700_pgrr,776,77.7222,BACKUP,2,bc_closing_side,"21,22","21,22",,,UPSTREAM_BEFORE_FIRST_LOGGED_STEP
goal_approach_lateral_interruption,pgrr_extpilot_f07_goal_approach_lateral_interruption_low_train_r00_s91700_pgrr,776,77.7222,BACKUP,3,bc_recurrent_escape,"21,22","21,22",,,UPSTREAM_BEFORE_FIRST_LOGGED_STEP
goal_approach_lateral_interruption,pgrr_extpilot_f07_goal_approach_lateral_interruption_low_train_r00_s91700_pgrr,815,81.6516,BACKUP,1,bc_yield_mask,"21,22","21,22",,,UPSTREAM_BEFORE_FIRST_LOGGED_STEP
goal_approach_lateral_interruption,pgrr_extpilot_f07_goal_approach_lateral_interruption_low_train_r00_s91700_pgrr,815,81.6516,BACKUP,2,bc_closing_side,"21,22","21,22",,,UPSTREAM_BEFORE_FIRST_LOGGED_STEP
goal_approach_lateral_interruption,pgrr_extpilot_f07_goal_approach_lateral_interruption_low_train_r00_s91700_pgrr,815,81.6516,BACKUP,3,bc_recurrent_escape,"21,22","21,22",,,UPSTREAM_BEFORE_FIRST_LOGGED_STEP
goal_approach_lateral_interruption,pgrr_extpilot_f07_goal_approach_lateral_interruption_low_train_r00_s91700_pgrr,830,83.1501,WAIT,1,bc_yield_mask,"0,21,22","0,21,22",,,bc_closing_side
goal_approach_lateral_interruption,pgrr_extpilot_f07_goal_approach_lateral_interruption_low_train_r00_s91700_pgrr,830,83.1501,WAIT,2,bc_closing_side,"0,21,22","21,22",SUBGOAL_0,,bc_closing_side
goal_approach_lateral_interruption,pgrr_extpilot_f07_goal_approach_lateral_interruption_low_train_r00_s91700_pgrr,839,84.0492,WAIT,1,bc_yield_mask,"0,21,22","0,21,22",,,bc_closing_side
goal_approach_lateral_interruption,pgrr_extpilot_f07_goal_approach_lateral_interruption_low_train_r00_s91700_pgrr,839,84.0492,WAIT,2,bc_closing_side,"0,21,22","21,22",SUBGOAL_0,,bc_closing_side
goal_approach_lateral_interruption,pgrr_extpilot_f07_goal_approach_lateral_interruption_low_train_r00_s91700_pgrr,849,85.0815,BACKUP,1,bc_yield_mask,"0,1,21,22","0,1,21,22",,,bc_closing_side
goal_approach_lateral_interruption,pgrr_extpilot_f07_goal_approach_lateral_interruption_low_train_r00_s91700_pgrr,849,85.0815,BACKUP,2,bc_closing_side,"0,1,21,22","21,22","SUBGOAL_0,SUBGOAL_1",,bc_closing_side
