family_index,family,episode_id,sample_index,timestamp_s,action_id,action_name,allowed_action_ids_text,mask_parseable,only_wait_backup_allowed,alternative_action_available,selected_wait_or_backup,selected_action_in_logged_mask,next_event_origin,next_event_action,next_event_delay_s,immediately_followed_by_emergency_guard
1,occluded_side_emergence,pgrr_extpilot_f01_occluded_side_emergence_low_train_r00_s91100_pgrr,534,53.413199999999996,21,WAIT,"21,22",True,True,False,True,True,LEARNED_POLICY,WAIT,0.999,False
1,occluded_side_emergence,pgrr_extpilot_f01_occluded_side_emergence_low_train_r00_s91100_pgrr,544,54.41219999999999,21,WAIT,"21,22",True,True,False,True,True,LEARNED_POLICY,WAIT,0.999,False
1,occluded_side_emergence,pgrr_extpilot_f01_occluded_side_emergence_low_train_r00_s91100_pgrr,554,55.4112,21,WAIT,"21,22",True,True,False,True,True,LEARNED_POLICY,BACKUP,0.999,False
1,occluded_side_emergence,pgrr_extpilot_f01_occluded_side_emergence_low_train_r00_s91100_pgrr,564,56.410199999999996,22,BACKUP,"21,22",True,True,False,True,True,LEARNED_POLICY,BACKUP,2.4975,False
1,occluded_side_emergence,pgrr_extpilot_f01_occluded_side_emergence_low_train_r00_s91100_pgrr,589,58.9077,22,BACKUP,"21,22",True,True,False,True,True,OTHER,CONTINUE,2.8971,False
1,occluded_side_emergence,pgrr_extpilot_f01_occluded_side_emergence_low_train_r00_s91100_pgrr,684,68.3982,22,BACKUP,"21,22",True,True,False,True,True,LEARNED_POLICY,BACKUP,2.5308,False
1,occluded_side_emergence,pgrr_extpilot_f01_occluded_side_emergence_low_train_r00_s91100_pgrr,709,70.929,22,BACKUP,"21,22",True,True,False,True,True,RECOVERY_LIFECYCLE,CONTINUE,2.8971,False
1,occluded_side_emergence,pgrr_extpilot_f01_occluded_side_emergence_low_train_r00_s91100_pgrr,789,78.92099999999999,22,BACKUP,"21,22",True,True,False,True,True,LEARNED_POLICY,BACKUP,2.997,False
1,occluded_side_emergence,pgrr_extpilot_f01_occluded_side_emergence_low_train_r00_s91100_pgrr,819,81.918,22,BACKUP,"21,22",True,True,False,True,True,RECOVERY_LIFECYCLE,CONTINUE,2.8971,False
1,occluded_side_emergence,pgrr_extpilot_f01_occluded_side_emergence_low_train_r00_s91100_pgrr,884,88.41149999999999,22,BACKUP,"21,22",True,True,False,True,True,,,,False
2,recurrent_bidirectional_crossing,pgrr_extpilot_f02_recurrent_bidirectional_crossing_medium_train_r00_s91210_pgrr,335,32.8005,22,BACKUP,"21,22",True,True,False,True,True,LEARNED_POLICY,BACKUP,1.4652,False
2,recurrent_bidirectional_crossing,pgrr_extpilot_f02_recurrent_bidirectional_crossing_medium_train_r00_s91210_pgrr,350,34.2657,22,BACKUP,"21,22",True,True,False,True,True,LEARNED_POLICY,BACKUP,1.4985,False
2,recurrent_bidirectional_crossing,pgrr_extpilot_f02_recurrent_bidirectional_crossing_medium_train_r00_s91210_pgrr,365,35.7642,22,BACKUP,"21,22",True,True,False,True,True,LEARNED_POLICY,BACKUP,2.5641,False
2,recurrent_bidirectional_crossing,pgrr_extpilot_f02_recurrent_bidirectional_crossing_medium_train_r00_s91210_pgrr,391,38.3283,22,BACKUP,"21,22",True,True,False,True,True,LEARNED_POLICY,BACKUP,3.4965,False
2,recurrent_bidirectional_crossing,pgrr_extpilot_f02_recurrent_bidirectional_crossing_medium_train_r00_s91210_pgrr,427,41.8248,22,BACKUP,"21,22",True,True,False,True,True,OTHER,CONTINUE,0.3996,False
2,recurrent_bidirectional_crossing,pgrr_extpilot_f02_recurrent_bidirectional_crossing_medium_train_r00_s91210_pgrr,472,46.2537,21,WAIT,"0,21,22",True,False,True,True,True,LEARNED_POLICY,WAIT,1.0989,False
2,recurrent_bidirectional_crossing,pgrr_extpilot_f02_recurrent_bidirectional_crossing_medium_train_r00_s91210_pgrr,483,47.3526,21,WAIT,"0,21,22",True,False,True,True,True,LEARNED_POLICY,WAIT,0.9657,False
2,recurrent_bidirectional_crossing,pgrr_extpilot_f02_recurrent_bidirectional_crossing_medium_train_r00_s91210_pgrr,493,48.3183,21,WAIT,"0,21,22",True,False,True,True,True,RECOVERY_LIFECYCLE,CONTINUE,1.9647,False
2,recurrent_bidirectional_crossing,pgrr_extpilot_f02_recurrent_bidirectional_crossing_medium_train_r00_s91210_pgrr,544,53.3466,0,SUBGOAL_0,"0,21,22",True,False,True,False,True,RECOVERY_LIFECYCLE,CONTINUE,6.3936,False
2,recurrent_bidirectional_crossing,pgrr_extpilot_f02_recurrent_bidirectional_crossing_medium_train_r00_s91210_pgrr,707,69.3306,23,REPLAN,unknown,False,False,False,False,,EMERGENCY_GUARD,WAIT,0.3663,True
2,recurrent_bidirectional_crossing,pgrr_extpilot_f02_recurrent_bidirectional_crossing_medium_train_r00_s91210_pgrr,869,85.31460000000001,24,CONTINUE,unknown,False,False,False,False,,EMERGENCY_GUARD,WAIT,0.3996,True
3,narrow_corridor_head_on_deadlock,pgrr_extpilot_f03_narrow_corridor_head_on_deadlock_low_train_r00_s91300_pgrr,53,5.328000000000003,22,BACKUP,"21,22",True,True,False,True,True,EMERGENCY_GUARD,WAIT,0.8991,True
3,narrow_corridor_head_on_deadlock,pgrr_extpilot_f03_narrow_corridor_head_on_deadlock_low_train_r00_s91300_pgrr,68,6.826500000000003,21,WAIT,21,True,True,False,True,True,LEARNED_POLICY,WAIT,0.8991,False
3,narrow_corridor_head_on_deadlock,pgrr_extpilot_f03_narrow_corridor_head_on_deadlock_low_train_r00_s91300_pgrr,77,7.7256,21,WAIT,21,True,True,False,True,True,LEARNED_POLICY,WAIT,1.0323,False
3,narrow_corridor_head_on_deadlock,pgrr_extpilot_f03_narrow_corridor_head_on_deadlock_low_train_r00_s91300_pgrr,87,8.757900000000003,21,WAIT,21,True,True,False,True,True,RECOVERY_LIFECYCLE,CONTINUE,1.9647,False
4,closing_gap_multi_pedestrian,pgrr_extpilot_f04_closing_gap_multi_pedestrian_medium_train_r00_s91410_pgrr,374,37.429199999999994,22,BACKUP,"21,22",True,True,False,True,True,RECOVERY_LIFECYCLE,CONTINUE,4.4955,False
4,closing_gap_multi_pedestrian,pgrr_extpilot_f04_closing_gap_multi_pedestrian_medium_train_r00_s91410_pgrr,469,46.953,22,BACKUP,"21,22",True,True,False,True,True,RECOVERY_LIFECYCLE,CONTINUE,4.4289,False
4,closing_gap_multi_pedestrian,pgrr_extpilot_f04_closing_gap_multi_pedestrian_medium_train_r00_s91410_pgrr,578,57.908699999999996,21,WAIT,"21,22",True,True,False,True,True,LEARNED_POLICY,WAIT,0.999,False
4,closing_gap_multi_pedestrian,pgrr_extpilot_f04_closing_gap_multi_pedestrian_medium_train_r00_s91410_pgrr,588,58.907700000000006,21,WAIT,"21,22",True,True,False,True,True,RECOVERY_LIFECYCLE,CONTINUE,2.4309,False
4,closing_gap_multi_pedestrian,pgrr_extpilot_f04_closing_gap_multi_pedestrian_medium_train_r00_s91410_pgrr,648,64.9017,22,BACKUP,"21,22",True,True,False,True,True,LEARNED_POLICY,WAIT,2.4642,False
4,closing_gap_multi_pedestrian,pgrr_extpilot_f04_closing_gap_multi_pedestrian_medium_train_r00_s91410_pgrr,673,67.3659,21,WAIT,"21,22",True,True,False,True,True,LEARNED_POLICY,WAIT,0.999,False
4,closing_gap_multi_pedestrian,pgrr_extpilot_f04_closing_gap_multi_pedestrian_medium_train_r00_s91410_pgrr,683,68.3649,21,WAIT,"21,22",True,True,False,True,True,LEARNED_POLICY,WAIT,0.999,False
4,closing_gap_multi_pedestrian,pgrr_extpilot_f04_closing_gap_multi_pedestrian_medium_train_r00_s91410_pgrr,693,69.3639,21,WAIT,"21,22",True,True,False,True,True,LEARNED_POLICY,BACKUP,0.999,False
4,closing_gap_multi_pedestrian,pgrr_extpilot_f04_closing_gap_multi_pedestrian_medium_train_r00_s91410_pgrr,703,70.3629,22,BACKUP,"21,22",True,True,False,True,True,OTHER,CONTINUE,2.5308,False
4,closing_gap_multi_pedestrian,pgrr_extpilot_f04_closing_gap_multi_pedestrian_medium_train_r00_s91410_pgrr,769,76.9896,22,BACKUP,"21,22",True,True,False,True,True,RECOVERY_LIFECYCLE,CONTINUE,3.9294,False
4,closing_gap_multi_pedestrian,pgrr_extpilot_f04_closing_gap_multi_pedestrian_medium_train_r00_s91410_pgrr,863,86.4468,22,BACKUP,"21,22",True,True,False,True,True,,,,False
5,lead_pedestrian_sudden_stop,pgrr_extpilot_f05_lead_pedestrian_sudden_stop_low_train_r00_s91500_pgrr,445,44.622,21,WAIT,"21,22",True,True,False,True,True,LEARNED_POLICY,WAIT,0.999,False
5,lead_pedestrian_sudden_stop,pgrr_extpilot_f05_lead_pedestrian_sudden_stop_low_train_r00_s91500_pgrr,455,45.620999999999995,21,WAIT,"21,22",True,True,False,True,True,LEARNED_POLICY,WAIT,0.999,False
5,lead_pedestrian_sudden_stop,pgrr_extpilot_f05_lead_pedestrian_sudden_stop_low_train_r00_s91500_pgrr,465,46.620000000000005,21,WAIT,"21,22",True,True,False,True,True,LEARNED_POLICY,BACKUP,0.999,False
5,lead_pedestrian_sudden_stop,pgrr_extpilot_f05_lead_pedestrian_sudden_stop_low_train_r00_s91500_pgrr,475,47.619,22,BACKUP,"21,22",True,True,False,True,True,RECOVERY_LIFECYCLE,CONTINUE,2.3976,False
5,lead_pedestrian_sudden_stop,pgrr_extpilot_f05_lead_pedestrian_sudden_stop_low_train_r00_s91500_pgrr,530,53.1468,22,BACKUP,"21,22",True,True,False,True,True,LEARNED_POLICY,BACKUP,3.4965,False
5,lead_pedestrian_sudden_stop,pgrr_extpilot_f05_lead_pedestrian_sudden_stop_low_train_r00_s91500_pgrr,565,56.643299999999996,22,BACKUP,"0,21,22",True,False,True,True,True,RECOVERY_LIFECYCLE,CONTINUE,3.4299,False
5,lead_pedestrian_sudden_stop,pgrr_extpilot_f05_lead_pedestrian_sudden_stop_low_train_r00_s91500_pgrr,664,66.6,22,BACKUP,"21,22",True,True,False,True,True,LEARNED_POLICY,SUBGOAL_0,3.5298,False
5,lead_pedestrian_sudden_stop,pgrr_extpilot_f05_lead_pedestrian_sudden_stop_low_train_r00_s91500_pgrr,699,70.1298,0,SUBGOAL_0,"0,21,22",True,False,True,False,True,OTHER,CONTINUE,2.3976,False
5,lead_pedestrian_sudden_stop,pgrr_extpilot_f05_lead_pedestrian_sudden_stop_low_train_r00_s91500_pgrr,769,77.0895,22,BACKUP,"21,22",True,True,False,True,True,LEARNED_POLICY,BACKUP,2.997,False
5,lead_pedestrian_sudden_stop,pgrr_extpilot_f05_lead_pedestrian_sudden_stop_low_train_r00_s91500_pgrr,799,80.0865,22,BACKUP,"21,22",True,True,False,True,True,RECOVERY_LIFECYCLE,CONTINUE,3.4299,False
6,bottleneck_cross_flow_merge,pgrr_extpilot_f06_bottleneck_cross_flow_merge_medium_train_r00_s91610_pgrr,419,41.991299999999995,21,WAIT,"21,22",True,True,False,True,True,LEARNED_POLICY,BACKUP,0.9324,False
6,bottleneck_cross_flow_merge,pgrr_extpilot_f06_bottleneck_cross_flow_merge_medium_train_r00_s91610_pgrr,428,42.9237,22,BACKUP,"21,22",True,True,False,True,True,LEARNED_POLICY,WAIT,1.0323,False
6,bottleneck_cross_flow_merge,pgrr_extpilot_f06_bottleneck_cross_flow_merge_medium_train_r00_s91610_pgrr,438,43.956,21,WAIT,"21,22",True,True,False,True,True,EMERGENCY_GUARD,WAIT,0.3996,True
6,bottleneck_cross_flow_merge,pgrr_extpilot_f06_bottleneck_cross_flow_merge_medium_train_r00_s91610_pgrr,463,46.453500000000005,21,WAIT,"21,22",True,True,False,True,True,LEARNED_POLICY,BACKUP,0.999,False
6,bottleneck_cross_flow_merge,pgrr_extpilot_f06_bottleneck_cross_flow_merge_medium_train_r00_s91610_pgrr,473,47.4525,22,BACKUP,"21,22",True,True,False,True,True,RECOVERY_LIFECYCLE,CONTINUE,4.3956,False
6,bottleneck_cross_flow_merge,pgrr_extpilot_f06_bottleneck_cross_flow_merge_medium_train_r00_s91610_pgrr,583,58.441500000000005,22,BACKUP,"21,22",True,True,False,True,True,RECOVERY_LIFECYCLE,CONTINUE,3.4299,False
6,bottleneck_cross_flow_merge,pgrr_extpilot_f06_bottleneck_cross_flow_merge_medium_train_r00_s91610_pgrr,667,66.8997,22,BACKUP,"21,22",True,True,False,True,True,RECOVERY_LIFECYCLE,CONTINUE,4.9284,False
6,bottleneck_cross_flow_merge,pgrr_extpilot_f06_bottleneck_cross_flow_merge_medium_train_r00_s91610_pgrr,802,80.4195,0,SUBGOAL_0,"0,21,22",True,False,True,False,True,LEARNED_POLICY,SUBGOAL_2,6.4935,False
6,bottleneck_cross_flow_merge,pgrr_extpilot_f06_bottleneck_cross_flow_merge_medium_train_r00_s91610_pgrr,867,86.913,2,SUBGOAL_2,"2,3,4,21",True,False,True,False,True,OTHER,CONTINUE,1.9314,False
7,goal_approach_lateral_interruption,pgrr_extpilot_f07_goal_approach_lateral_interruption_low_train_r00_s91700_pgrr,776,77.7222,22,BACKUP,"21,22",True,True,False,True,True,EMERGENCY_GUARD,WAIT,0.2997,True
7,goal_approach_lateral_interruption,pgrr_extpilot_f07_goal_approach_lateral_interruption_low_train_r00_s91700_pgrr,815,81.6516,22,BACKUP,"21,22",True,True,False,True,True,LEARNED_POLICY,WAIT,1.4985,False
7,goal_approach_lateral_interruption,pgrr_extpilot_f07_goal_approach_lateral_interruption_low_train_r00_s91700_pgrr,830,83.1501,21,WAIT,"21,22",True,True,False,True,True,LEARNED_POLICY,WAIT,0.8991,False
7,goal_approach_lateral_interruption,pgrr_extpilot_f07_goal_approach_lateral_interruption_low_train_r00_s91700_pgrr,839,84.0492,21,WAIT,"21,22",True,True,False,True,True,LEARNED_POLICY,BACKUP,1.0323,False
7,goal_approach_lateral_interruption,pgrr_extpilot_f07_goal_approach_lateral_interruption_low_train_r00_s91700_pgrr,849,85.0815,22,BACKUP,"21,22",True,True,False,True,True,,,,False
